feature	k__Archaea.p__Methanobacteriota.c__Methanobacteria.o__Methanobacteriales.f__Methanobacteriaceae.g__Methanobrevibacter_A.s__Methanobrevibacter_A_sp900766745	k__Archaea.p__Thermoplasmatota.c__Thermoplasmata.o__Methanomassiliicoccales.f__Methanomassiliicoccaceae.g__Methanomassiliicoccus_A.s__Methanomassiliicoccus_A_intestinalis	k__Archaea.p__Nanoarchaeota.c__Nanoarchaeia.o__SCGC.AAA011.G17.f__GW2011.AR18.g__JAGWAD01.s__JAGWAD01_sp018302105	k__Archaea.p__Asgardarchaeota.c__Hermodarchaeia.o__Hermodarchaeales.f__Hermodarchaeaceae.g__Hermodarchaeum.s__Hermodarchaeum_sp016550425	k__Archaea.p__Methanobacteriota.c__Methanobacteria.o__Methanobacteriales.f__Methanobacteriaceae.g__Methanosphaera.s__Methanosphaera_stadtmanae	k__Archaea.p__Asgardarchaeota.c__Lokiarchaeia.o__CR.4.f__SOKP01.g__Loki.b32.s__Loki.b32_sp020344955	k__Archaea.p__Methanobacteriota.c__Methanobacteria.o__Methanobacteriales.f__Methanobacteriaceae.g__Methanosphaera.s__Methanosphaera_sp900322125	k__Archaea.p__Methanobacteriota.c__Methanobacteria.o__Methanobacteriales.f__Methanobacteriaceae.g__Methanobrevibacter_A.s__Methanobrevibacter_A_sp902785855	k__Archaea.p__Thermoplasmatota.c__Thermoplasmata.o__Methanomassiliicoccales.f__Methanomethylophilaceae.g__UBA71.s__UBA71_sp006954465	k__Archaea.p__Thermoplasmatota.c__Thermoplasmata.o__Methanomassiliicoccales.f__Methanomethylophilaceae.g__UBA71.s__UBA71_sp905187815	k__Archaea.p__Methanobacteriota.c__Methanobacteria.o__Methanobacteriales.f__Methanobacteriaceae.g__Methanobrevibacter_A.s__Methanobrevibacter_A_sp900314695	k__Archaea.p__Asgardarchaeota.c__Lokiarchaeia.o__CR.4.f__SOKP01.g__6H3.1.s__6H3.1_sp019058015	k__Archaea.p__Methanobacteriota.c__Methanobacteria.o__Methanobacteriales.f__Methanobacteriaceae.g__Methanobrevibacter_A.s__Methanobrevibacter_A_gottschalkii	k__Archaea.p__Halobacteriota.c__Methanomicrobia.o__Methanomicrobiales.f__Methanocorpusculaceae.g__Methanocorpusculum.s__Methanocorpusculum_sp017622255	k__Archaea.p__Asgardarchaeota.c__Lokiarchaeia.o__Helarchaeales.f__HEL.GB.A.g__JABXJT01.s__JABXJT01_sp013375405	k__Archaea.p__Asgardarchaeota.c__Heimdallarchaeia.o__UBA460.f__Kariarchaeaceae.g__JAJRQD01.s__JAJRQD01_sp024280435	k__Archaea.p__Asgardarchaeota.c__Lokiarchaeia.o__CR.4.f__SOKP01.g__LW40.45.s__LW40.45_sp004524515	k__Archaea.p__Methanobacteriota_B.c__Thermococci.o__Methanofastidiosales.f__Methanofastidiosaceae.g__Methanofastidiosum.s__Methanofastidiosum_sp013178285	k__Archaea.p__Methanobacteriota.c__Methanobacteria.o__Methanobacteriales.f__Methanobacteriaceae.g__Methanobrevibacter_A.s__Methanobrevibacter_A_smithii	k__Archaea.p__Methanobacteriota.c__Methanobacteria.o__Methanobacteriales.f__Methanobacteriaceae.g__Methanobrevibacter.s__Methanobrevibacter_sp902769175	k__Archaea.p__Thermoplasmatota.c__JAEHCK01.o__JAEHCK01.f__GCA.020356005.g__GCA.020356005.s__GCA.020356005_sp020356005	k__Archaea.p__Thermoplasmatota.c__Thermoplasmata.o__Methanomassiliicoccales.f__Methanomassiliicoccaceae.g__Methanomassiliicoccus_A.s__Methanomassiliicoccus_A_sp905203995	k__Archaea.p__Halobacteriota.c__Methanosarcinia.o__Methanosarcinales.f__Methanosarcinaceae.g__Methanosarcina.s__Methanosarcina_vacuolata	k__Archaea.p__Nanoarchaeota.c__Nanoarchaeia.o__Woesearchaeales.f__JABGXB01.g__JABGXB01.s__JABGXB01_sp018675975	k__Archaea.p__Asgardarchaeota.c__Lokiarchaeia.o__CR.4.f__SOKP01.g__TEKIR.21.s__TEKIR.21_sp004524425	k__Archaea.p__Methanobacteriota.c__Methanobacteria.o__Methanobacteriales.f__Methanobacteriaceae.g__Methanobrevibacter_A.s__Methanobrevibacter_A_sp902764455	k__Archaea.p__Methanobacteriota.c__Methanobacteria.o__Methanobacteriales.f__Methanobacteriaceae.g__Methanobrevibacter_A.s__Methanobrevibacter_A_woesei	k__Archaea.p__Asgardarchaeota.c__Heimdallarchaeia.o__UBA460.f__UBA460.g__UBA460.s__UBA460_sp018238545	k__Archaea.p__Halobacteriota.c__Methanosarcinia.o__Methanosarcinales.f__Methanosarcinaceae.g__Methanolobus.s__Methanolobus_halotolerans	k__Archaea.p__Halobacteriota.c__Methanosarcinia.o__Methanosarcinales.f__Methanosarcinaceae.g__Methanosarcina.s__Methanosarcina_sp000979455	k__Archaea.p__Thermoproteota.c__Nitrososphaeria_A.o__Caldarchaeales.f__Wolframiiraptoraceae.g__Geocrenenecus.s__Geocrenenecus_dongiae	k__Archaea.p__Asgardarchaeota.c__Heimdallarchaeia.o__UBA460.f__Kariarchaeaceae.g__LC.2.s__LC.2_sp001940725	k__Archaea.p__Asgardarchaeota.c__Lokiarchaeia.o__CR.4.f__MK.D1.g__Prometheoarchaeum.s__Prometheoarchaeum_syntrophicum	k__Archaea.p__Asgardarchaeota.c__Heimdallarchaeia.o__UBA460.f__UBA460.g__UBA460.s__UBA460_sp013166775	k__Archaea.p__Asgardarchaeota.c__Lokiarchaeia.o__CR.4.f__SOKP01.g__Loki.b32.s__Loki.b32_sp019057865	k__Archaea.p__Halobacteriota.c__Methanosarcinia.o__Methanosarcinales.f__Methanosarcinaceae.g__Methanosalsum.s__Methanosalsum_natronophilum	k__Archaea.p__Methanobacteriota.c__Methanobacteria.o__Methanobacteriales.f__Methanobacteriaceae.g__Methanobrevibacter_A.s__Methanobrevibacter_A_sp017407115	k__Archaea.p__Methanobacteriota.c__Methanobacteria.o__Methanobacteriales.f__Methanobacteriaceae.g__Methanobrevibacter_B.s__Methanobrevibacter_B_sp002208625	k__Archaea.p__Thermoplasmatota.c__Poseidoniia.o__MGIII.f__CG.Epi1.g__CG.Epi1.s__CG.Epi1_sp902627615	k__Archaea.p__Asgardarchaeota.c__Thorarchaeia.o__Thorarchaeales.f__Thorarchaeaceae.g__YT.029.s__YT.029_sp016840245	k__Archaea.p__Asgardarchaeota.c__Lokiarchaeia.o__CR.4.f__SOKP01.g__Loki.b32.s__Loki.b32_sp016839635	k__Archaea.p__Asgardarchaeota.c__Lokiarchaeia.o__Helarchaeales.f__HEL.GB.A.g__JABXJT01.s__JABXJT01_sp016840125	k__Archaea.p__Methanobacteriota.c__Methanobacteria.o__Methanobacteriales.f__Methanobacteriaceae.g__Methanobacterium_D.s__Methanobacterium_D_sp023434825	k__Archaea.p__Methanobacteriota.c__Methanobacteria.o__Methanobacteriales.f__Methanobacteriaceae.g__Methanobrevibacter_A.s__Methanobrevibacter_A_oralis	k__Archaea.p__Thermoproteota.c__Nitrososphaeria.o__Nitrososphaerales.f__Nitrosopumilaceae.g__Nitrosarchaeum.s__Nitrosarchaeum_sp002737445	k__Archaea.p__Aenigmatarchaeota.c__Aenigmatarchaeia.o__Aenigmatarchaeales.f__SZUA.1535.g__SZUA.1535.s__SZUA.1535_sp015521535	k__Archaea.p__Altiarchaeota.c__Altiarchaeia.o__Altiarchaeales.f__Altiarchaeaceae.g__Altiarchaeum.s__Altiarchaeum_sp002083985	k__Archaea.p__Asgardarchaeota.c__Heimdallarchaeia.o__Hodarchaeales.f__Hodarchaeaceae.g__Hodarchaeum.s__Hodarchaeum_mangrovi	k__Archaea.p__Asgardarchaeota.c__Heimdallarchaeia.o__Hodarchaeales.f__Hodarchaeaceae.g__Hodarchaeum.s__Hodarchaeum_sp016839785	k__Archaea.p__Asgardarchaeota.c__Heimdallarchaeia.o__Hodarchaeales.f__Hodarchaeaceae.g__Hodarchaeum.s__Hodarchaeum_sp016840305	k__Archaea.p__Asgardarchaeota.c__Heimdallarchaeia.o__Hodarchaeales.f__LC.3.g__LC.3.s__LC.3_sp001940645	k__Archaea.p__Asgardarchaeota.c__Heimdallarchaeia.o__Hodarchaeales.f__S146.22.g__S146.22.s__S146.22_sp015520535	k__Archaea.p__Asgardarchaeota.c__Heimdallarchaeia.o__JABLTI01.f__JABLTI01.g__JABLTI01.s__JABLTI01_sp016839405	k__Archaea.p__Asgardarchaeota.c__Heimdallarchaeia.o__JABLTI01.f__JABLTI01.g__JABLTI01.s__JABLTI01_sp016840945	k__Archaea.p__Asgardarchaeota.c__Heimdallarchaeia.o__JABLTI01.f__JABLTI01.g__JABLTI01.s__JABLTI01_sp019058275	k__Archaea.p__Asgardarchaeota.c__Heimdallarchaeia.o__UBA460.f__UBA460.g__18H4.34.s__18H4.34_sp023705985	k__Archaea.p__Asgardarchaeota.c__Heimdallarchaeia.o__UBA460.f__UBA460.g__PR6.s__PR6_sp021513715	k__Archaea.p__Asgardarchaeota.c__Heimdallarchaeia.o__UBA460.f__UBA460.g__UBA460.s__UBA460_sp016839875	k__Archaea.p__Asgardarchaeota.c__Heimdallarchaeia.o__UBA460.f__UBA460.g__UBA460.s__UBA460_sp016839945	k__Archaea.p__Asgardarchaeota.c__Heimdallarchaeia.o__UBA460.f__UBA460.g__UBA460.s__UBA460_sp016839985	k__Archaea.p__Asgardarchaeota.c__Heimdallarchaeia.o__UBA460.f__UBA460.g__UBA460.s__UBA460_sp016840095	k__Archaea.p__Asgardarchaeota.c__Heimdallarchaeia.o__UBA460.f__UBA460.g__UBA460.s__UBA460_sp019894795	k__Archaea.p__Asgardarchaeota.c__Heimdallarchaeia.o__UBA460.f__UBA460.g__UBA460.s__UBA460_sp023135215	k__Archaea.p__Asgardarchaeota.c__Jordarchaeia.o__Jordarchaeales.f__Jordarchaeaceae.g__Jordarchaeum.s__Jordarchaeum_madagascariense	k__Archaea.p__Asgardarchaeota.c__Lokiarchaeia.o__CR.4.f__AMARA.1.g__WJKO01.s__WJKO01_sp014729055	k__Archaea.p__Asgardarchaeota.c__Lokiarchaeia.o__CR.4.f__MK.D1.g__Prometheoarchaeum.s__Prometheoarchaeum_sp021498095	k__Archaea.p__Asgardarchaeota.c__Lokiarchaeia.o__CR.4.f__SOKP01.g__FT1.020.s__FT1.020_sp016839425	k__Archaea.p__Asgardarchaeota.c__Lokiarchaeia.o__CR.4.f__SOKP01.g__FT1.020.s__FT1.020_sp019057355	k__Archaea.p__Asgardarchaeota.c__Lokiarchaeia.o__CR.4.f__SOKP01.g__JAFGOA01.s__JAFGOA01_sp016926735	k__Archaea.p__Asgardarchaeota.c__Lokiarchaeia.o__CR.4.f__SOKP01.g__Loki.b32.s__Loki.b32_sp005223125	k__Archaea.p__Asgardarchaeota.c__Lokiarchaeia.o__CR.4.f__SOKP01.g__Loki.b32.s__Loki.b32_sp013375485	k__Archaea.p__Asgardarchaeota.c__Lokiarchaeia.o__CR.4.f__SOKP01.g__Loki.b32.s__Loki.b32_sp016839655	k__Archaea.p__Asgardarchaeota.c__Lokiarchaeia.o__CR.4.f__SOKP01.g__Loki.b32.s__Loki.b32_sp016839845	k__Archaea.p__Asgardarchaeota.c__Lokiarchaeia.o__CR.4.f__SOKP01.g__Loki.b32.s__Loki.b32_sp016840085	k__Archaea.p__Asgardarchaeota.c__Lokiarchaeia.o__CR.4.f__SOKP01.g__Loki.b32.s__Loki.b32_sp019057775	k__Archaea.p__Asgardarchaeota.c__Lokiarchaeia.o__CR.4.f__SOKP01.g__Loki.b32.s__Loki.b32_sp019057975	k__Archaea.p__Asgardarchaeota.c__Lokiarchaeia.o__CR.4.f__SOKP01.g__Loki.b32.s__Loki.b32_sp019058245	k__Archaea.p__Asgardarchaeota.c__Lokiarchaeia.o__CR.4.f__SOKP01.g__Loki.b32.s__Loki.b32_sp019058365	k__Archaea.p__Asgardarchaeota.c__Lokiarchaeia.o__CR.4.f__SOKP01.g__Loki.b32.s__Loki.b32_sp019058425	k__Archaea.p__Asgardarchaeota.c__Lokiarchaeia.o__CR.4.f__SOKP01.g__Loki.b32.s__Loki.b32_sp019894875	k__Archaea.p__Asgardarchaeota.c__Lokiarchaeia.o__CR.4.f__SOKP01.g__LW40.45.s__LW40.45_sp019058445	k__Archaea.p__Asgardarchaeota.c__Lokiarchaeia.o__CR.4.f__SOKP01.g__LW60.42.s__LW60.42_sp019058515	k__Archaea.p__Asgardarchaeota.c__Lokiarchaeia.o__CR.4.f__SOKP01.g__SDNM01.s__SDNM01_sp004524535	k__Archaea.p__Asgardarchaeota.c__Lokiarchaeia.o__CR.4.f__SOKP01.g__SDNM01.s__SDNM01_sp019058295	k__Archaea.p__Asgardarchaeota.c__Lokiarchaeia.o__CR.4.f__SOKP01.g__SOKP01.s__SOKP01_sp011364925	k__Archaea.p__Asgardarchaeota.c__Lokiarchaeia.o__CR.4.f__SOKP01.g__SOKP01.s__SOKP01_sp011364975	k__Archaea.p__Asgardarchaeota.c__Lokiarchaeia.o__CR.4.f__SOKP01.g__SOKP01.s__SOKP01_sp013375495	k__Archaea.p__Asgardarchaeota.c__Lokiarchaeia.o__CR.4.f__SOKP01.g__SOKP01.s__SOKP01_sp018238625	k__Archaea.p__Asgardarchaeota.c__Lokiarchaeia.o__CR.4.f__SOKP01.g__TEKIR.8.s__TEKIR.8_sp008080765	k__Archaea.p__Asgardarchaeota.c__Lokiarchaeia.o__CR.4.f__SOKP01.g__TEKIR.8.s__TEKIR.8_sp014730165	k__Archaea.p__Asgardarchaeota.c__Lokiarchaeia.o__CR.4.f__SOKP01.g__TEKIR.8.s__TEKIR.8_sp014730295	k__Archaea.p__Asgardarchaeota.c__Lokiarchaeia.o__CR.4.f__SOKP01.g__TEKIR.8.s__TEKIR.8_sp016839555	k__Archaea.p__Asgardarchaeota.c__Lokiarchaeia.o__CR.4.f__SOKP01.g__WJKD01.s__WJKD01_sp014729315	k__Archaea.p__Asgardarchaeota.c__Lokiarchaeia.o__CR.4.f__SOKP01.g__YT1.065.s__YT1.065_sp016839905	k__Archaea.p__Asgardarchaeota.c__Lokiarchaeia.o__Helarchaeales.f__HEL.GB.A.g__HEL.GB.A.s__HEL.GB.A_sp005191415	k__Archaea.p__Asgardarchaeota.c__Lokiarchaeia.o__Helarchaeales.f__HEL.GB.B.g__HEL.GB.B.s__HEL.GB.B_sp005191425	k__Archaea.p__Asgardarchaeota.c__Lokiarchaeia.o__Helarchaeales.f__JABXJV01.g__JABXJV01.s__JABXJV01_sp013375355	k__Archaea.p__Asgardarchaeota.c__Lokiarchaeia.o__Helarchaeales.f__JABXJV01.g__JABXJV01.s__JABXJV01_sp019058315	k__Archaea.p__Asgardarchaeota.c__Lokiarchaeia.o__Helarchaeales.f__RDOG01.g__RDOG01.s__RDOG01_sp011365055	k__Archaea.p__Halobacteriota.c__Archaeoglobi.o__Archaeoglobales.f__Archaeoglobaceae.g__Archaeoglobus_A.s__Archaeoglobus_A_sulfaticallidus	k__Archaea.p__Halobacteriota.c__Archaeoglobi.o__Archaeoglobales.f__JdFR.42.g__JdFR.42.s__JdFR.42_sp002010305	k__Archaea.p__Halobacteriota.c__Halobacteria.o__Halobacteriales.f__Haladaptataceae.g__Halorussus.s__Halorussus_salinus	k__Archaea.p__Halobacteriota.c__Halobacteria.o__Halobacteriales.f__Haloarculaceae.g__Haloarcula.s__Haloarcula_hispanica	k__Archaea.p__Halobacteriota.c__Halobacteria.o__Halobacteriales.f__Halobacteriaceae.g__Halobacterium.s__Halobacterium_sp011734195	k__Archaea.p__Halobacteriota.c__Halobacteria.o__Halobacteriales.f__Haloferacaceae.g__Haloferax.s__Haloferax_massiliensis	k__Archaea.p__Halobacteriota.c__Halobacteria.o__Halobacteriales.f__Haloferacaceae.g__Halorubrum.s__Halorubrum_sp003990725	k__Archaea.p__Halobacteriota.c__Methanomicrobia.o__Methanomicrobiales.f__Methanocorpusculaceae.g__Methanocorpusculum.s__Methanocorpusculum_sp001940805	k__Archaea.p__Halobacteriota.c__Methanomicrobia.o__Methanomicrobiales.f__Methanoculleaceae.g__Methanoculleus.s__Methanoculleus_chikugoensis	k__Archaea.p__Halobacteriota.c__Methanomicrobia.o__Methanomicrobiales.f__Methanoculleaceae.g__Methanoculleus.s__Methanoculleus_sp012511245	k__Archaea.p__Halobacteriota.c__Methanomicrobia.o__Methanomicrobiales.f__Methanomicrobiaceae.g__Methanoplanus.s__Methanoplanus_endosymbiosus	k__Archaea.p__Halobacteriota.c__Methanomicrobia.o__Methanomicrobiales.f__Methanoregulaceae.g__Methanoregula.s__Methanoregula_sp002508495	k__Archaea.p__Halobacteriota.c__Methanomicrobia.o__Methanomicrobiales.f__Methanospirillaceae.g__Methanospirillum.s__Methanospirillum_hungatei	k__Archaea.p__Halobacteriota.c__Methanomicrobia.o__Methanomicrobiales.f__Methanospirillaceae.g__Methanospirillum.s__Methanospirillum_sp012729995	k__Archaea.p__Halobacteriota.c__Methanosarcinia.o__Methanosarcinales.f__Methanoperedenaceae.g__Methanoperedens.s__Methanoperedens_sp018899795	k__Archaea.p__Halobacteriota.c__Methanosarcinia.o__Methanosarcinales.f__Methanosarcinaceae.g__JAAXQB01.s__JAAXQB01_sp012329085	k__Archaea.p__Halobacteriota.c__Methanosarcinia.o__Methanosarcinales.f__Methanosarcinaceae.g__Methanimicrococcus.s__Methanimicrococcus_sp012518265	k__Archaea.p__Halobacteriota.c__Methanosarcinia.o__Methanosarcinales.f__Methanosarcinaceae.g__Methanococcoides.s__Methanococcoides_seepicolus	k__Archaea.p__Halobacteriota.c__Methanosarcinia.o__Methanosarcinales.f__Methanosarcinaceae.g__Methanosarcina.s__Methanosarcina_mazei	k__Archaea.p__Halobacteriota.c__Methanosarcinia.o__Methanosarcinales.f__Methanosarcinaceae.g__Methanosarcina.s__Methanosarcina_sp001714685	k__Archaea.p__Halobacteriota.c__Methanosarcinia.o__Methanosarcinales.f__Methanosarcinaceae.g__Methanosarcina.s__Methanosarcina_sp002505485	k__Archaea.p__Halobacteriota.c__Methanosarcinia.o__Methanotrichales.f__Methanotrichaceae.g__Methanothrix_A.s__Methanothrix_A_harundinacea_D	k__Archaea.p__Halobacteriota.c__Methanosarcinia.o__Methanotrichales.f__Methanotrichaceae.g__Methanothrix.s__Methanothrix_sp002067365	k__Archaea.p__Halobacteriota.c__Methanosarcinia.o__Methanotrichales.f__Methanotrichaceae.g__Methanothrix.s__Methanothrix_sp023229165	k__Archaea.p__Iainarchaeota.c__Iainarchaeia.o__CSSED10.239.f__CSSED10.239.g__Forterrea.s__Forterrea_multitransposorum	k__Archaea.p__Iainarchaeota.c__Iainarchaeia.o__Iainarchaeales.f__Iainarchaeaceae.g__UBA493.s__UBA493_sp002687735	k__Archaea.p__Methanobacteriota_B.c__Thermococci.o__Methanofastidiosales.f__Methanofastidiosaceae.g__Methanofastidiosum.s__Methanofastidiosum_sp012799835	k__Archaea.p__Methanobacteriota.c__Methanobacteria.o__Methanobacteriales.f__Methanobacteriaceae.g__JAHKLT01.s__JAHKLT01_sp020854915	k__Archaea.p__Methanobacteriota.c__Methanobacteria.o__Methanobacteriales.f__Methanobacteriaceae.g__Methanobacterium_D.s__Methanobacterium_D_bryantii	k__Archaea.p__Methanobacteriota.c__Methanobacteria.o__Methanobacteriales.f__Methanobacteriaceae.g__Methanobacterium_D.s__Methanobacterium_D_sp023411115	k__Archaea.p__Methanobacteriota.c__Methanobacteria.o__Methanobacteriales.f__Methanobacteriaceae.g__Methanobacterium.s__Methanobacterium_subterraneum	k__Archaea.p__Methanobacteriota.c__Methanobacteria.o__Methanobacteriales.f__Methanobacteriaceae.g__Methanobrevibacter_A.s__Methanobrevibacter_A_millerae	k__Archaea.p__Methanobacteriota.c__Methanobacteria.o__Methanobacteriales.f__Methanobacteriaceae.g__Methanobrevibacter_A.s__Methanobrevibacter_A_millerae_A	k__Archaea.p__Methanobacteriota.c__Methanobacteria.o__Methanobacteriales.f__Methanobacteriaceae.g__Methanobrevibacter_A.s__Methanobrevibacter_A_millerae_B	k__Archaea.p__Methanobacteriota.c__Methanobacteria.o__Methanobacteriales.f__Methanobacteriaceae.g__Methanobrevibacter_A.s__Methanobrevibacter_A_smithii_A	k__Archaea.p__Methanobacteriota.c__Methanobacteria.o__Methanobacteriales.f__Methanobacteriaceae.g__Methanobrevibacter_A.s__Methanobrevibacter_A_sp002496065	k__Archaea.p__Methanobacteriota.c__Methanobacteria.o__Methanobacteriales.f__Methanobacteriaceae.g__Methanobrevibacter_A.s__Methanobrevibacter_A_sp015062935	k__Archaea.p__Methanobacteriota.c__Methanobacteria.o__Methanobacteriales.f__Methanobacteriaceae.g__Methanobrevibacter_A.s__Methanobrevibacter_A_sp017434525	k__Archaea.p__Methanobacteriota.c__Methanobacteria.o__Methanobacteriales.f__Methanobacteriaceae.g__Methanobrevibacter_A.s__Methanobrevibacter_A_sp017434555	k__Archaea.p__Methanobacteriota.c__Methanobacteria.o__Methanobacteriales.f__Methanobacteriaceae.g__Methanobrevibacter_A.s__Methanobrevibacter_A_sp017459665	k__Archaea.p__Methanobacteriota.c__Methanobacteria.o__Methanobacteriales.f__Methanobacteriaceae.g__Methanobrevibacter_A.s__Methanobrevibacter_A_sp017539065	k__Archaea.p__Methanobacteriota.c__Methanobacteria.o__Methanobacteriales.f__Methanobacteriaceae.g__Methanobrevibacter_A.s__Methanobrevibacter_A_sp021442885	k__Archaea.p__Methanobacteriota.c__Methanobacteria.o__Methanobacteriales.f__Methanobacteriaceae.g__Methanobrevibacter_A.s__Methanobrevibacter_A_sp024413395	k__Archaea.p__Methanobacteriota.c__Methanobacteria.o__Methanobacteriales.f__Methanobacteriaceae.g__Methanobrevibacter_A.s__Methanobrevibacter_A_sp900317865	k__Archaea.p__Methanobacteriota.c__Methanobacteria.o__Methanobacteriales.f__Methanobacteriaceae.g__Methanobrevibacter_A.s__Methanobrevibacter_A_sp900319535	k__Archaea.p__Methanobacteriota.c__Methanobacteria.o__Methanobacteriales.f__Methanobacteriaceae.g__Methanobrevibacter_A.s__Methanobrevibacter_A_sp900319985	k__Archaea.p__Methanobacteriota.c__Methanobacteria.o__Methanobacteriales.f__Methanobacteriaceae.g__Methanobrevibacter_A.s__Methanobrevibacter_A_sp900769095	k__Archaea.p__Methanobacteriota.c__Methanobacteria.o__Methanobacteriales.f__Methanobacteriaceae.g__Methanobrevibacter_A.s__Methanobrevibacter_A_sp902770715	k__Archaea.p__Methanobacteriota.c__Methanobacteria.o__Methanobacteriales.f__Methanobacteriaceae.g__Methanobrevibacter_A.s__Methanobrevibacter_A_sp902782595	k__Archaea.p__Methanobacteriota.c__Methanobacteria.o__Methanobacteriales.f__Methanobacteriaceae.g__Methanobrevibacter_A.s__Methanobrevibacter_A_sp902788255	k__Archaea.p__Methanobacteriota.c__Methanobacteria.o__Methanobacteriales.f__Methanobacteriaceae.g__Methanobrevibacter_A.s__Methanobrevibacter_A_sp902789505	k__Archaea.p__Methanobacteriota.c__Methanobacteria.o__Methanobacteriales.f__Methanobacteriaceae.g__Methanobrevibacter_A.s__Methanobrevibacter_A_sp902796575	k__Archaea.p__Methanobacteriota.c__Methanobacteria.o__Methanobacteriales.f__Methanobacteriaceae.g__Methanobrevibacter_A.s__Methanobrevibacter_A_sp934746965	k__Archaea.p__Methanobacteriota.c__Methanobacteria.o__Methanobacteriales.f__Methanobacteriaceae.g__Methanobrevibacter_A.s__Methanobrevibacter_A_thaueri	k__Archaea.p__Methanobacteriota.c__Methanobacteria.o__Methanobacteriales.f__Methanobacteriaceae.g__Methanobrevibacter_B.s__Methanobrevibacter_B_boviskoreani	k__Archaea.p__Methanobacteriota.c__Methanobacteria.o__Methanobacteriales.f__Methanobacteriaceae.g__Methanobrevibacter_B.s__Methanobrevibacter_B_sp900314605	k__Archaea.p__Methanobacteriota.c__Methanobacteria.o__Methanobacteriales.f__Methanobacteriaceae.g__Methanobrevibacter_C.s__Methanobrevibacter_C_arboriphilus_A	k__Archaea.p__Methanobacteriota.c__Methanobacteria.o__Methanobacteriales.f__Methanobacteriaceae.g__Methanobrevibacter_C.s__Methanobrevibacter_C_sp009784145	k__Archaea.p__Methanobacteriota.c__Methanobacteria.o__Methanobacteriales.f__Methanobacteriaceae.g__Methanobrevibacter_C.s__Methanobrevibacter_C_sp020148105	k__Archaea.p__Methanobacteriota.c__Methanobacteria.o__Methanobacteriales.f__Methanobacteriaceae.g__Methanobrevibacter.s__Methanobrevibacter_olleyae	k__Archaea.p__Methanobacteriota.c__Methanobacteria.o__Methanobacteriales.f__Methanobacteriaceae.g__Methanobrevibacter.s__Methanobrevibacter_ruminantium_A	k__Archaea.p__Methanobacteriota.c__Methanobacteria.o__Methanobacteriales.f__Methanobacteriaceae.g__Methanobrevibacter.s__Methanobrevibacter_sp017646885	k__Archaea.p__Methanobacteriota.c__Methanobacteria.o__Methanobacteriales.f__Methanobacteriaceae.g__Methanobrevibacter.s__Methanobrevibacter_sp017652345	k__Archaea.p__Methanobacteriota.c__Methanobacteria.o__Methanobacteriales.f__Methanobacteriaceae.g__Methanobrevibacter.s__Methanobrevibacter_sp900314635	k__Archaea.p__Methanobacteriota.c__Methanobacteria.o__Methanobacteriales.f__Methanobacteriaceae.g__Methanobrevibacter.s__Methanobrevibacter_sp902784195	k__Archaea.p__Methanobacteriota.c__Methanobacteria.o__Methanobacteriales.f__Methanobacteriaceae.g__Methanosphaera.s__Methanosphaera_cuniculi	k__Archaea.p__Methanobacteriota.c__Methanobacteria.o__Methanobacteriales.f__Methanobacteriaceae.g__Methanosphaera.s__Methanosphaera_sp016282985	k__Archaea.p__Methanobacteriota.c__Methanobacteria.o__Methanobacteriales.f__Methanobacteriaceae.g__Methanosphaera.s__Methanosphaera_sp017430835	k__Archaea.p__Methanobacteriota.c__Methanobacteria.o__Methanobacteriales.f__Methanobacteriaceae.g__Methanosphaera.s__Methanosphaera_sp017431845	k__Archaea.p__Methanobacteriota.c__Methanobacteria.o__Methanobacteriales.f__Methanobacteriaceae.g__Methanosphaera.s__Methanosphaera_sp022768985	k__Archaea.p__Methanobacteriota.c__Methanobacteria.o__Methanobacteriales.f__Methanobacteriaceae.g__Methanosphaera.s__Methanosphaera_stadtmanae_A	k__Archaea.p__Methanobacteriota.c__Methanobacteria.o__Methanobacteriales.f__Methanobacteriaceae.g__Methanosphaera.s__Methanosphaera_stadtmanae_B	k__Archaea.p__Methanobacteriota.c__Methanobacteria.o__Methanobacteriales.f__Methanobacteriaceae.g__Methanosphaera.s__Methanosphaera_stadtmanae_C	k__Archaea.p__Methanobacteriota.c__Methanobacteria.o__Methanobacteriales.f__Methanobacteriaceae.g__UBA117.s__UBA117_sp002494785	k__Archaea.p__Methanobacteriota.c__Methanobacteria.o__Methanobacteriales.f__Methanobacteriaceae.g__UBA349.s__UBA349_sp002509745	k__Archaea.p__Methanobacteriota.c__Methanobacteria.o__Methanobacteriales.f__Methanobacteriaceae.g__UBA412.s__UBA412_sp002495685	k__Archaea.p__Methanobacteriota.c__Methanobacteria.o__Methanobacteriales.f__Methanobacteriaceae.g__UBA588.s__UBA588_sp002509085	k__Archaea.p__Methanobacteriota.c__Methanobacteria.o__Methanobacteriales.f__Methanobacteriaceae.g__UBA588.s__UBA588_sp003558085	k__Archaea.p__Methanobacteriota.c__Methanococci.o__Methanococcales.f__Methanocaldococcaceae.g__Methanocaldococcus_A.s__Methanocaldococcus_A_sp024278985	k__Archaea.p__Methanobacteriota.c__Methanococci.o__Methanococcales.f__Methanocaldococcaceae.g__Methanocaldococcus.s__Methanocaldococcus_bathoardescens	k__Archaea.p__Methanobacteriota.c__Methanococci.o__Methanococcales.f__Methanococcaceae.g__Methanococcus.s__Methanococcus_maripaludis	k__Archaea.p__Methanobacteriota.c__Methanococci.o__Methanococcales.f__Methanococcaceae.g__Methanococcus.s__Methanococcus_voltae	k__Archaea.p__Methanobacteriota.c__Methanococci.o__Methanococcales.f__Methanococcaceae.g__Methanococcus.s__Methanococcus_voltae_C	k__Archaea.p__Micrarchaeota.c__Micrarchaeia.o__Anstonellales.f__Anstonellaceae.g__UBA10161.s__UBA10161_sp10161u	k__Archaea.p__Nanoarchaeota.c__Nanoarchaeia.o__Pacearchaeales.f__GW2011.AR1.g__CABMGE01.s__CABMGE01_sp020056045	k__Archaea.p__Nanoarchaeota.c__Nanoarchaeia.o__Pacearchaeales.f__GW2011.AR1.g__GW2011.AR13.s__GW2011.AR13_sp9966u	k__Archaea.p__Nanoarchaeota.c__Nanoarchaeia.o__Pacearchaeales.f__GW2011.AR1.g__JAAOYK01.s__JAAOYK01_sp018221305	k__Archaea.p__Nanoarchaeota.c__Nanoarchaeia.o__Pacearchaeales.f__GW2011.AR1.g__JABIDS01.s__JABIDS01_sp018651605	k__Archaea.p__Nanoarchaeota.c__Nanoarchaeia.o__Pacearchaeales.f__GW2011.AR1.g__JACPHA01.s__JACPHA01_sp016188825	k__Archaea.p__Nanoarchaeota.c__Nanoarchaeia.o__Pacearchaeales.f__GW2011.AR1.g__UBA73.s__UBA73_sp018817405	k__Archaea.p__Nanoarchaeota.c__Nanoarchaeia.o__Pacearchaeales.f__GW2011.AR1.g__UBA92.s__UBA92_sp002497285	k__Archaea.p__Nanoarchaeota.c__Nanoarchaeia.o__Pacearchaeales.f__GW2011.AR1.g__WJLK01.s__WJLK01_sp014728565	k__Archaea.p__Nanoarchaeota.c__Nanoarchaeia.o__SCGC.AAA011.G17.f__SCGC.AAA011.G17.g__SCGC.AAA011.G17.s__SCGC.AAA011.G17_sp000402515	k__Archaea.p__Nanoarchaeota.c__Nanoarchaeia.o__SCGC.AAA011.G17.f__UBA489.g__JABIKK01.s__JABIKK01_sp018658955	k__Archaea.p__Nanoarchaeota.c__Nanoarchaeia.o__UBA10117.f__WJKY01.g__WJKY01.s__WJKY01_sp014728835	k__Archaea.p__Nanoarchaeota.c__Nanoarchaeia.o__Woesearchaeales.f__GCA.2686295.g__GCA.2686295.s__GCA.2686295_sp018819065	k__Archaea.p__Nanoarchaeota.c__Nanoarchaeia.o__Woesearchaeales.f__GW2011.AR15.g__JAFGJW01.s__JAFGJW01_sp016928835	k__Archaea.p__Nanoarchaeota.c__Nanoarchaeia.o__Woesearchaeales.f__GW2011.AR15.g__WJJD01.s__WJJD01_sp014729915	k__Archaea.p__Nanoarchaeota.c__Nanoarchaeia.o__Woesearchaeales.f__GW2011.AR4.g__GCA.2688775.s__GCA.2688775_sp016181305	k__Archaea.p__Nanoarchaeota.c__Nanoarchaeia.o__Woesearchaeales.f__GW2011.AR9.g__JABJOX01.s__JABJOX01_sp018696595	k__Archaea.p__Nanoarchaeota.c__Nanoarchaeia.o__Woesearchaeales.f__GW2011.AR9.g__JAHJGQ01.s__JAHJGQ01_sp018824365	k__Archaea.p__Nanoarchaeota.c__Nanoarchaeia.o__Woesearchaeales.f__UBA10216.g__JACPTG01.s__JACPTG01_sp016192905	k__Archaea.p__Nanoarchaeota.c__Nanoarchaeia.o__Woesearchaeales.f__WJIZ01.g__WJIZ01.s__WJIZ01_sp023140175	k__Archaea.p__Nanoarchaeota.c__Nanoarchaeia.o__Woesearchaeales.f__WJKR01.g__WJKR01.s__WJKR01_sp016927245	k__Archaea.p__Thermoplasmatota.c__E2.o__DHVEG.1.f__DHVEG.1.g__SG8.52.3.s__SG8.52.3_sp001595915	k__Archaea.p__Thermoplasmatota.c__JAEHCK01.o__JAEHCK01.f__JAEHCK01.g__JAEHCK01.s__JAEHCK01_sp020696345	k__Archaea.p__Thermoplasmatota.c__Poseidoniia.o__MGIII.f__CG.Epi1.g__CG.Epi1.s__CG.Epi1_sp902533295	k__Archaea.p__Thermoplasmatota.c__Poseidoniia.o__Poseidoniales.f__Poseidoniaceae.g__MGIIa.I.s__MGIIa.I_sp002696315	k__Archaea.p__Thermoplasmatota.c__Poseidoniia.o__Poseidoniales.f__Poseidoniaceae.g__MGIIa.K1.s__MGIIa.K1_sp002507425	k__Archaea.p__Thermoplasmatota.c__Poseidoniia.o__Poseidoniales.f__Poseidoniaceae.g__MGIIa.L2.s__MGIIa.L2_sp012270265	k__Archaea.p__Thermoplasmatota.c__Poseidoniia.o__Poseidoniales.f__Thalassarchaeaceae.g__MGIIb.O3.s__MGIIb.O3_sp002719615	k__Archaea.p__Thermoplasmatota.c__Thermoplasmata.o__GCA.020350865.f__GCA.020350865.g__GCA.020348445.s__GCA.020348445_sp020347705	k__Archaea.p__Thermoplasmatota.c__Thermoplasmata.o__Methanomassiliicoccales.f__Methanomethylophilaceae.g__Methanomethylophilus.s__Methanomethylophilus_sp001481295	k__Archaea.p__Thermoplasmatota.c__Thermoplasmata.o__Methanomassiliicoccales.f__Methanomethylophilaceae.g__WRKA01.s__WRKA01_sp009780575	k__Archaea.p__Thermoplasmatota.c__Thermoplasmata.o__Thermoplasmatales.f__Thermoplasmataceae.g__Acidiplasma.s__Acidiplasma_aeolicum	k__Archaea.p__Thermoplasmatota.c__UBA186.o__UBA287.f__UBA287.g__UBA287.s__UBA287_sp002495235	k__Archaea.p__Thermoproteota.c__Bathyarchaeia.o__B24.f__B24.g__DTBU01.s__DTBU01_sp018396755	k__Archaea.p__Thermoproteota.c__Bathyarchaeia.o__B26.1.f__UBA233.g__PALSA.986.s__PALSA.986_sp003141855	k__Archaea.p__Thermoproteota.c__Bathyarchaeia.o__TCS64.f__TCS64.g__JAGTQU01.s__JAGTQU01_sp018396695	k__Archaea.p__Thermoproteota.c__Bathyarchaeia.o__TCS64.f__TCS64.g__RBG.16.57.9.s__RBG.16.57.9_sp014730055	k__Archaea.p__Thermoproteota.c__Nitrososphaeria.o__Nitrososphaerales.f__Nitrosopumilaceae.g__CSP1.1.s__CSP1.1_sp016276965	k__Archaea.p__Thermoproteota.c__Nitrososphaeria.o__Nitrososphaerales.f__Nitrososphaeraceae.g__Nitrosocosmicus.s__Nitrosocosmicus_sp008389435	k__Archaea.p__Thermoproteota.c__Nitrososphaeria.o__Nitrososphaerales.f__Nitrososphaeraceae.g__Nitrosocosmicus.s__Nitrosocosmicus_sp016782315	k__Archaea.p__Thermoproteota.c__Nitrososphaeria.o__Nitrososphaerales.f__Nitrososphaeraceae.g__TA.21.s__TA.21_sp005877345	k__Archaea.p__Thermoproteota.c__Nitrososphaeria.o__Nitrososphaerales.f__Nitrososphaeraceae.g__TA.21.s__TA.21_sp014381105	k__Archaea.p__Thermoproteota.c__Nitrososphaeria.o__Nitrososphaerales.f__UBA213.g__UBA213.s__UBA213_sp002713325	k__Archaea.p__Thermoproteota.c__Nitrososphaeria.o__Nitrososphaerales.f__UBA57.g__UBA57.s__UBA57_sp002494565	k__Archaea.p__Thermoproteota.c__Thermoprotei_A.o__Sulfolobales.f__Desulfurococcaceae.g__Thermosphaera.s__Thermosphaera_aggregans_B	k__Archaea.p__Thermoproteota.c__Thermoprotei_A.o__Sulfolobales.f__Ignisphaeraceae.g__Ignisphaera.s__Ignisphaera_sp023269755	k__Archaea.p__Thermoproteota.c__Thermoprotei_A.o__Sulfolobales.f__Sulfolobaceae.g__Acidianus_B.s__Acidianus_B_brierleyi	k__Archaea.p__Thermoproteota.c__Thermoprotei_A.o__Sulfolobales.f__Sulfolobaceae.g__Acidianus.s__Acidianus_infernus	k__Archaea.p__Thermoproteota.c__Thermoprotei_A.o__Sulfolobales.f__Sulfolobaceae.g__Acidianus.s__Acidianus_manzaensis	k__Archaea.p__Thermoproteota.c__Thermoprotei_A.o__Sulfolobales.f__Sulfolobaceae.g__Acidianus.s__Acidianus_sp021655615	k__Archaea.p__Thermoproteota.c__Thermoprotei_A.o__Sulfolobales.f__Sulfolobaceae.g__Saccharolobus.s__Saccharolobus_caldissimus	k__Archaea.p__Thermoproteota.c__Thermoprotei_A.o__Sulfolobales.f__Sulfolobaceae.g__Sulfuracidifex.s__Sulfuracidifex_tepidarius	k__Archaea.p__Thermoproteota.c__Thermoprotei_A.o__Sulfolobales.f__Sulfolobaceae.g__Sulfurisphaera.s__Sulfurisphaera_sp012222305	k__Archaea.p__Thermoproteota.c__Thermoprotei.o__Gearchaeales.f__Gearchaeaceae.g__AAA261.N23.s__AAA261.N23_sp017857595	k__Archaea.p__Thermoproteota.c__Thermoprotei.o__Gearchaeales.f__Gearchaeaceae.g__DSFO01.s__DSFO01_sp021324265	k__Archaea.p__Thermoproteota.c__Thermoprotei.o__Gearchaeales.f__Gearchaeaceae.g__SCGC.AAA471.B05.s__SCGC.AAA471.B05_sp000380705	k__Archaea.p__Thermoproteota.c__Thermoprotei.o__Thermofilales.f__Thermofilaceae.g__JAGGXB01.s__JAGGXB01_sp021163245
CON1	562	676	0	0	0	0	26	79	255	45	188	0	116	0	0	0	0	0	217735	32	0	57	0	0	0	26	140	0	0	0	0	0	0	0	32	0	45	0	0	0	0	48	0	113	0	0	0	0	0	0	0	0	0	0	0	0	0	0	23	0	0	11	11	0	0	0	0	0	10	0	40	0	0	0	14	0	0	0	0	0	0	18	0	0	0	0	38	11	0	0	0	0	0	11	0	0	14	0	14	0	17	0	25	0	182	0	29	0	0	0	0	0	0	0	0	14	0	146	13	0	0	0	0	0	0	0	0	0	0	0	0	32	16	6606	16	41	0	11	39	14	21	0	200	84	42	172	38	43	11	22	16	469	23	10	12	0	0	0	0	0	110	0	26	0	92	0	54	0	0	0	0	0	0	0	0	0	0	0	0	0	0	0	0	0	0	0	0	0	0	0	0	0	0	0	0	0	0	0	0	0	0	0	0	0	0	0	0	0	0	0	0	0	12	0	0	0	0	0	0	0	0	0	24	0	0	0	0	0	0	0	0	0	0	0	0	0	0	0	0
CON2	301	39	0	0	96	0	24	52	27	0	222	0	74	0	0	0	0	0	323555	0	0	0	0	0	0	71	258	44	0	0	0	0	0	0	0	0	21	0	0	0	0	0	0	119	0	0	0	0	0	0	0	22	0	0	0	0	0	0	10	15	0	0	0	0	0	0	0	0	0	0	0	0	0	0	0	0	0	0	0	0	0	0	0	0	0	0	0	0	0	0	46	0	0	0	0	0	0	0	0	0	0	841	34	0	25	271	0	0	0	0	22	0	0	0	0	0	0	52	0	0	0	0	0	0	0	0	0	0	0	0	13	0	0	7098	43	46	96	38	0	0	62	0	38	347	328	169	45	56	61	40	40	868	0	19	40	0	0	0	0	0	0	0	52	0	0	0	0	0	0	0	0	0	0	0	0	0	0	0	0	0	0	0	0	0	0	0	0	0	0	0	0	0	0	0	0	0	0	0	0	0	0	0	0	0	0	0	0	0	0	0	0	0	0	0	24	0	0	0	0	0	0	0	0	0	0	0	0	0	0	0	30	0	0	0	0	0	0	0	0
CON4	725	220	0	0	30	0	0	0	808	48	24	0	0	0	0	0	0	0	0	0	0	119	0	0	0	0	0	12	0	0	10	26	0	0	0	0	0	0	0	0	0	0	0	18	0	20	0	0	22	20	0	0	0	0	0	0	22	0	16	0	0	0	0	0	0	0	0	0	0	20	0	14	0	0	0	0	0	0	0	0	15	0	0	0	0	0	0	0	0	0	0	0	0	0	0	0	10	0	0	0	0	0	0	0	37	0	14	0	0	0	0	0	0	0	0	0	0	33	0	0	0	0	0	0	0	0	0	0	15	0	0	0	0	34	0	0	0	0	0	0	0	12	0	27	0	0	0	0	14	0	0	0	0	0	0	0	0	0	0	0	0	0	0	0	0	0	0	0	0	0	0	0	13	0	19	0	0	0	0	0	0	0	0	0	0	14	10	0	0	0	0	0	0	0	15	0	0	0	0	0	0	0	0	14	69	0	0	13	0	0	0	0	0	0	0	0	0	0	0	0	24	0	0	16	0	0	0	0	0	0	0	0	0	31	0	0	18	0	0
CON5	101891	136	0	26	83895	39	95	18	239	0	52	0	137	0	22	0	13	18	244443	0	0	51	0	12	0	31	193	22	0	0	0	71	0	0	0	0	0	0	21	0	12	20	0	112	51	0	0	17	0	0	0	15	0	0	0	0	0	16	0	0	0	0	0	0	0	0	0	0	13	0	0	21	0	0	11	0	0	0	16	0	0	0	20	0	0	0	0	17	253	0	0	0	18	0	0	11	0	0	0	0	0	0	0	0	0	0	108	0	0	0	0	0	0	14	0	0	68	28	39	0	0	0	0	0	0	0	0	0	0	0	42	16	37	9546	36	21	0	74	66	0	57	0	53	50	0	63	43	60	0	122	0	616	0	17	44	0	0	0	12	0	0	0	12	110	14	20	0	158	28	0	18	0	0	0	0	0	0	0	0	26	14	0	0	0	0	0	15	0	15	0	0	0	0	0	0	0	65	0	0	12	28	0	0	0	0	0	0	0	0	0	0	11	0	0	0	0	0	0	0	10	12	0	0	0	0	0	0	0	0	0	0	0	0	0	0	0	0	0	0
CON3	21365	279	0	0	131	0	0	0	19	396	48	0	0	15	0	0	0	13	0	0	0	114	19	0	0	0	0	15	0	0	0	0	0	0	13	19	0	0	0	0	0	0	0	0	30	0	0	0	0	0	0	26	17	40	0	0	10	0	0	0	0	0	0	12	0	0	14	0	43	12	0	0	0	0	0	0	0	0	0	15	0	0	24	0	0	0	0	11	0	0	0	0	0	0	0	23	0	0	0	0	41	0	0	0	0	0	0	27	22	0	0	30	0	0	0	0	0	0	0	0	0	0	94	0	0	0	0	0	0	0	14	0	21	0	21	0	0	0	0	0	0	0	0	43	0	0	0	18	0	61	0	0	0	0	30	0	19	19	0	0	123	115	0	0	0	0	11	0	0	0	0	0	0	0	0	0	0	0	0	0	0	0	0	0	0	0	0	0	10	0	0	0	0	0	0	0	0	0	0	0	15	0	0	0	0	0	0	0	0	36	0	27	0	0	0	0	0	0	58	0	0	0	0	0	0	0	0	0	0	0	0	0	0	0	0	0	0	0	0
CON6	35	0	0	34	0	0	0	0	0	0	0	0	0	0	0	0	0	0	0	0	0	0	0	24	0	0	0	0	0	0	0	0	0	0	88	0	0	0	0	0	0	0	0	0	0	0	28	0	0	0	0	0	0	0	0	0	11	0	0	0	0	0	0	0	0	0	16	0	0	0	0	0	0	0	0	0	0	0	23	0	26	0	22	0	0	0	0	15	31	0	0	10	0	0	0	0	0	0	0	10	0	0	84	0	202	0	0	0	0	32	0	0	0	0	0	0	0	158	0	0	0	0	0	0	0	0	0	0	0	0	0	0	0	12	0	0	0	26	0	0	11	0	0	0	0	75	0	0	0	0	26	0	0	0	0	0	0	0	0	0	31	0	0	19	0	0	0	0	0	0	0	0	35	0	0	0	0	0	0	0	0	0	0	0	0	0	0	0	0	0	0	12	32	0	0	0	0	0	0	0	0	0	0	11	0	0	0	0	0	0	0	0	0	0	0	0	0	0	0	0	0	0	0	0	0	0	0	0	0	0	0	0	0	0	0	0	0	0	0
CON24	667	547	0	0	36	0	0	10	21	0	15	15	15	0	72	0	13	0	34658	0	10	237	0	0	14	14	37	0	0	0	0	0	0	0	23	0	0	0	0	0	0	0	0	85	13	0	0	0	0	0	0	0	0	0	10	0	15	0	36	20	0	0	0	0	0	0	0	0	0	0	0	0	14	0	0	0	0	39	0	0	0	12	20	0	0	13	0	0	0	0	18	18	0	0	0	0	10	0	10	0	0	0	0	11	0	0	0	0	0	0	0	0	0	0	0	0	0	0	0	0	0	0	0	0	0	0	0	16	15	0	0	0	0	1893	0	32	22	0	17	0	0	10	30	38	0	26	0	0	24	0	61	247	0	0	0	0	0	0	0	0	0	0	22	0	0	0	0	0	0	0	0	0	0	0	0	0	0	0	0	0	0	0	0	0	11	0	0	0	0	0	0	0	11	0	0	0	209	0	0	0	17	0	0	18	0	0	0	0	0	0	0	15	0	0	0	0	0	0	0	0	0	0	13	0	0	0	12	0	0	0	0	0	10	0	0	0	0	0	0
CON25	0	0	0	0	0	0	0	0	0	0	0	0	0	0	0	10	0	0	0	14	0	0	30	50	0	0	0	0	0	0	0	19	0	0	0	0	0	0	0	0	0	0	0	0	0	0	0	0	0	0	0	0	0	15	0	0	0	0	0	0	0	0	0	0	0	0	0	0	0	0	18	0	0	0	34	0	0	0	0	0	0	82	0	0	0	0	0	0	0	0	0	0	0	11	0	0	0	0	0	0	0	0	32	0	191	0	0	0	0	0	0	0	0	0	0	0	0	131	0	0	0	106	0	0	0	0	0	0	0	0	0	302	0	0	0	0	0	0	0	0	0	0	0	0	27	307	0	0	0	0	0	0	0	0	0	0	0	12	0	15	45	0	35	0	0	0	0	0	0	20	0	0	0	0	0	0	0	32	0	0	0	0	0	0	0	0	0	0	0	0	25	0	11	0	0	0	0	0	23	0	0	0	0	0	0	0	10	0	0	0	0	0	0	0	0	0	0	0	0	0	0	13	0	0	0	0	0	15	0	0	0	0	0	0	0	0	0	0	0
CON26	0	0	0	0	0	0	0	0	0	0	14	0	0	0	0	26	0	75	56	0	0	0	0	140	0	0	0	0	48	0	0	0	0	68	0	81	13	0	0	0	0	0	10	47	0	0	26	0	0	0	0	0	0	0	0	0	0	0	0	13	0	0	0	0	0	0	0	0	20	23	0	0	0	19	76	0	0	0	0	0	27	17	0	0	0	0	0	59	0	37	0	0	0	30	49	73	0	0	0	0	0	0	94	0	172	0	0	0	0	17	0	0	0	0	0	0	0	275	0	0	0	259	0	0	0	0	0	46	0	0	0	0	0	0	0	0	0	0	13	0	0	0	11	0	0	104	0	83	0	0	0	0	0	0	840	0	0	0	0	0	0	32	553	28	0	51	0	0	0	0	0	14	0	0	0	17	0	90	0	0	0	0	0	0	0	0	0	0	0	0	0	280	11	0	0	0	0	0	0	0	0	0	0	0	0	0	0	0	0	0	0	0	0	0	0	43	0	0	0	0	0	0	34	0	0	0	0	0	0	0	0	0	50	0	0	0	0	70	0
CON27	667	488	0	0	0	11	0	33	556	78	70	0	0	0	0	0	0	27	978	0	0	202	34	72	17	23	16	13	0	0	19	16	0	0	0	0	0	0	0	0	0	20	0	0	0	0	0	21	0	0	0	0	0	0	0	12	126	0	0	0	0	30	0	10	0	137	0	0	0	0	0	0	0	0	0	14	25	0	0	0	0	12	0	0	0	0	0	0	0	0	18	0	0	0	0	0	0	10	0	0	0	0	22	0	49	0	50	0	0	36	0	0	0	0	0	0	0	38	0	0	0	0	0	286	33	20	0	0	0	0	0	0	0	0	21	0	0	0	139	0	10	0	0	0	0	14	0	0	0	0	0	0	0	0	0	10	0	0	0	0	18	20	12	0	11	0	0	0	0	0	21	0	0	0	0	0	0	14	0	11	0	0	0	0	0	0	12	0	0	0	0	20	0	0	15	18	0	0	0	0	0	0	18	0	0	0	0	0	0	27	0	0	0	0	0	0	0	0	0	0	0	0	0	0	0	0	0	0	10	0	0	0	0	0	0	0	0	0	10
CON28	1595	669	0	0	247	0	0	46	62	0	26	10	0	48	0	0	0	59	0	0	19	31	0	0	13	0	0	0	0	0	0	0	0	0	24	0	130	0	12	0	17	17	0	0	0	0	0	0	0	0	0	0	0	0	0	22	18	69	0	0	55	0	0	0	0	0	0	0	0	26	0	0	0	0	0	52	0	0	0	0	0	0	0	0	0	12	13	0	0	0	31	50	15	0	0	0	0	0	12	0	0	0	12	0	0	38	0	0	0	0	52	0	0	34	0	0	0	83	0	10	0	0	0	29	0	0	0	0	0	0	0	10	0	26	0	0	0	0	0	0	0	13	0	30	0	70	19	0	0	0	0	0	0	23	0	0	0	0	42	0	0	38	0	30	0	0	0	0	0	0	0	0	0	0	0	0	0	16	0	0	18	0	0	0	0	0	0	0	25	0	0	0	0	0	0	0	0	0	0	0	19	0	0	0	0	0	0	33	0	0	0	0	23	0	0	17	0	0	24	0	17	0	0	0	0	0	11	0	0	17	0	0	0	0	0	18	0	27	0
CON29	214	231	48	0	0	0	0	0	98	142	0	0	0	0	0	0	0	91	1014	0	32	94	0	0	0	0	0	10	26	14	0	0	0	0	0	0	0	0	0	27	0	0	18	13	17	0	0	0	0	0	0	34	0	0	47	0	0	43	0	0	29	0	0	0	0	0	0	0	0	0	0	0	40	32	0	0	0	0	0	0	13	0	0	0	0	0	0	20	0	0	0	0	20	0	0	0	0	0	0	0	0	0	20	74	47	0	0	0	0	0	23	0	0	0	0	0	0	125	0	0	0	0	0	0	0	0	0	0	0	0	0	0	28	0	0	0	0	0	0	0	0	0	10	0	0	57	0	0	0	11	0	0	14	0	0	0	0	0	0	0	0	0	75	0	0	0	0	18	0	0	0	0	19	0	0	0	0	0	11	0	11	0	0	0	28	0	11	0	0	0	0	0	0	0	0	0	0	23	10	0	47	0	0	0	0	0	0	10	0	0	21	50	0	0	23	0	0	0	0	12	0	0	56	0	0	0	0	37	0	0	0	0	0	0	12	0	0	0	0
CON30	472	597	0	21	117	52	0	0	110	0	36	98	0	0	0	69	0	57	15	0	0	41	0	0	25	0	20	24	0	0	15	0	159	0	27	13	0	0	0	0	10	40	41	28	0	0	21	0	19	11	0	37	0	0	0	0	0	0	0	0	0	0	0	0	0	19	0	0	76	17	0	0	16	14	0	0	0	0	0	10	0	18	13	0	13	35	0	14	11	21	0	0	12	0	0	0	0	11	15	0	12	0	0	0	0	0	0	0	0	0	25	0	0	0	0	0	0	0	0	0	0	0	0	0	0	0	0	0	0	24	0	0	10	0	13	0	0	0	0	0	0	0	28	0	0	126	0	0	0	0	11	0	128	0	20	0	0	0	0	0	0	0	21	0	44	0	0	0	0	16	0	12	0	23	0	0	0	0	0	0	0	0	0	0	0	27	75	13	0	0	0	0	24	0	0	0	0	0	0	0	0	0	25	0	67	11	0	0	0	0	0	38	0	27	0	0	0	0	0	0	0	0	93	16	0	10	0	95	0	0	0	0	0	62	10	0	46	0	0
CON31	1221	84	0	0	0	0	11	0	0	0	16	50	24	0	0	0	0	0	91	0	0	17	0	16	27	0	33	0	0	31	0	44	0	0	0	0	39	0	0	0	0	0	65	41	0	0	0	0	91	15	0	20	16	12	0	0	0	0	0	0	21	0	0	0	0	10	10	0	18	177	14	0	0	0	0	11	62	0	13	0	27	0	22	0	21	56	0	0	0	15	0	22	0	13	10	21	13	17	0	0	0	0	0	0	0	0	0	46	0	28	26	0	0	0	0	0	0	0	0	56	0	44	0	0	0	15	37	0	0	0	15	0	0	0	0	40	0	0	0	0	0	0	15	0	0	52	28	0	0	0	22	0	0	0	49	28	0	27	18	124	55	33	88	70	49	0	42	0	25	16	0	0	0	0	12	42	0	54	0	19	0	0	0	0	16	0	0	0	0	19	14	0	11	0	15	0	0	0	16	0	0	0	0	26	42	41	33	0	0	0	21	0	0	17	0	29	0	0	0	0	0	0	0	29	0	28	0	21	0	0	51	0	0	0	0	12	0	0	0
CON32	2195	242	10	10	44	0	0	0	66	0	39	0	0	0	0	0	0	30	0	0	0	26	0	0	0	18	0	0	0	0	0	0	0	0	0	0	0	0	0	0	0	0	0	0	0	34	0	0	24	0	0	79	0	0	0	0	0	20	0	0	0	0	0	0	0	0	0	18	17	0	0	0	0	0	0	0	0	0	0	0	17	0	14	20	11	0	11	0	0	0	0	0	13	0	14	0	14	0	0	17	0	14	0	0	0	42	0	0	12	0	74	0	0	0	10	0	0	0	0	0	0	0	0	0	0	10	0	0	0	38	0	0	0	0	0	0	0	0	0	0	0	0	0	0	0	15	0	0	0	0	0	0	18	0	33	0	0	0	0	0	0	0	0	0	12	0	0	0	0	0	0	0	0	0	0	0	0	0	0	0	0	0	17	0	100	0	0	0	0	0	0	0	11	15	0	0	0	11	0	0	10	0	0	0	0	0	0	0	0	0	0	45	0	0	0	0	0	0	0	0	0	0	11	10	0	0	0	0	0	0	0	0	0	0	0	0	0	0	0
CON33	5999	887	0	0	100	0	13	27	63	0	34	0	0	0	0	0	0	45	22	0	0	327	0	14	0	0	0	16	0	0	0	0	0	0	19	88	0	0	0	0	11	35	0	17	13	0	0	0	0	0	0	0	210	11	0	0	0	0	0	0	0	0	0	0	0	0	0	0	22	11	0	12	0	0	34	0	0	0	21	0	0	16	0	16	0	0	0	48	0	30	0	0	18	0	0	0	0	0	0	0	0	0	18	0	37	0	67	0	0	0	0	10	0	0	0	0	0	64	0	0	26	0	0	142	0	0	10	0	0	0	0	0	0	0	0	0	0	0	0	0	0	0	0	20	0	40	32	0	0	0	0	0	0	0	43	0	0	0	31	24	0	15	24	0	0	0	12	12	0	14	13	0	0	0	0	0	0	0	0	0	0	17	0	0	0	0	0	0	19	0	0	0	0	0	0	0	0	0	0	0	0	0	0	0	0	0	0	0	0	18	0	0	0	0	0	14	0	0	0	0	0	0	0	0	0	0	0	0	15	0	29	0	0	0	0	0	0	0	0
CON34	61519	201	0	0	18	0	10	0	0	0	293	0	0	0	0	0	0	0	78	0	0	36	0	0	12	0	0	13	0	0	0	0	0	0	32	0	0	0	0	0	0	10	0	0	0	1609	0	0	0	0	0	39	0	0	25	17	0	0	0	0	11	0	0	0	37	0	0	0	0	0	0	31	0	0	0	11	0	0	0	0	0	0	0	0	0	33	0	0	0	33	33	0	0	0	0	0	0	28	0	429	13	0	0	0	0	15	0	0	27	0	0	0	0	33	0	0	0	27	0	11	0	0	0	0	0	0	0	0	11	0	0	13	26	0	0	0	0	0	10	0	13	0	0	0	0	79	11	0	0	0	13	0	0	0	16	0	15	0	0	0	0	0	0	0	10	0	0	0	0	0	0	0	0	0	0	10	0	0	0	0	0	0	257	262	64	0	0	0	0	0	0	0	27	0	0	0	10	0	0	21	0	0	0	0	0	0	0	24	66	0	0	0	0	0	0	230	0	0	0	0	0	0	0	0	0	0	11	0	0	0	0	22	0	0	0	0	0	0	0
CON35	831	572	0	0	97	0	0	0	0	0	79	0	0	16	0	0	0	99	411	0	0	282	65	0	0	0	0	0	0	14	0	17	0	0	0	10	0	0	0	12	18	0	0	16	0	0	0	0	0	0	0	17	52	0	0	0	0	0	0	0	13	0	0	0	0	0	0	13	0	19	0	0	18	0	0	0	0	0	21	0	18	0	0	13	20	30	0	0	0	30	0	12	0	0	25	50	0	0	0	0	38	0	0	0	0	0	0	0	14	0	0	0	0	0	0	0	0	0	0	23	0	0	0	0	0	0	0	0	0	0	0	0	29	0	0	0	0	12	0	0	0	0	71	0	0	0	0	0	28	11	0	0	0	0	0	0	10	0	0	0	0	18	11	0	15	0	0	0	0	0	0	0	0	0	0	19	0	0	0	0	0	0	0	0	0	0	0	0	0	0	0	0	0	0	0	0	0	0	26	0	0	0	0	0	0	16	0	24	0	0	44	0	0	0	17	0	0	0	0	0	0	0	0	0	0	0	0	0	0	0	29	0	0	0	0	0	0	0	0
CON36	34	90	77	0	23	0	54	0	145	91	40	16	0	0	0	0	0	0	397	0	0	27	0	0	14	0	0	0	0	0	0	0	0	17	16	0	0	0	0	0	0	44	0	0	0	0	0	0	18	0	14	0	0	0	10	0	15	0	0	17	0	0	0	0	0	0	0	0	0	0	0	0	16	0	0	0	0	11	0	0	0	13	0	0	0	0	0	0	0	14	0	0	0	0	14	0	13	0	23	0	0	0	0	0	0	0	0	0	0	0	0	0	0	0	19	0	0	0	11	0	0	0	0	0	0	0	20	0	0	0	0	0	0	148	0	0	14	0	0	0	15	0	112	0	0	84	11	0	0	0	0	0	0	0	0	0	0	0	0	0	27	12	12	0	0	0	0	0	0	0	0	0	0	0	0	0	17	0	0	0	0	0	0	0	12	38	0	0	0	0	0	0	0	0	0	0	0	0	0	0	25	0	31	0	0	0	11	0	0	0	0	0	0	0	0	19	0	0	0	0	0	0	0	0	0	0	0	0	0	0	0	0	0	78	21	0	63	0	0
CON37	38827	224	0	0	25	0	272	0	177	0	75	0	0	0	0	0	0	0	1607	0	0	55	52	0	23	0	47	12	0	0	0	0	0	0	0	0	0	0	0	0	0	19	0	0	13	16	0	0	0	0	0	0	0	0	0	0	0	0	0	0	0	0	0	0	20	0	0	34	12	0	0	0	0	0	0	0	0	0	0	0	0	0	0	0	0	21	0	0	0	37	16	0	0	0	0	0	0	0	0	0	0	27	0	0	0	0	0	0	0	0	0	0	0	0	0	0	12	0	0	0	0	0	0	0	51	0	0	0	0	24	0	0	0	0	0	0	0	0	0	0	0	0	0	0	0	0	0	0	0	0	0	0	0	17	0	0	0	0	0	18	0	0	12	0	13	0	0	0	0	0	26	0	0	0	0	0	0	0	13	10	44	0	0	0	0	0	0	0	0	51	0	0	0	27	0	26	0	0	22	0	0	0	0	0	15	0	17	18	0	0	0	0	0	0	0	11	0	0	0	0	0	0	39	0	0	0	0	0	0	0	0	0	0	0	0	21	0	0	10
CON7	1052	30	0	0	0	0	0	0	0	0	0	0	0	0	0	0	0	0	0	0	0	10	0	0	0	0	0	0	0	0	0	31	0	0	0	0	0	0	0	0	0	0	0	0	17	16	0	0	0	0	0	0	0	0	29	0	0	0	0	0	0	0	0	0	0	0	0	0	0	0	0	0	0	0	0	0	0	0	0	0	0	0	0	0	0	0	0	0	0	0	0	0	0	0	0	0	0	0	0	0	0	74	0	0	0	0	0	0	0	0	0	0	0	0	0	0	0	0	0	0	0	0	0	10	0	0	0	0	0	0	0	0	0	0	0	0	0	0	0	0	0	0	0	0	0	0	0	0	0	0	0	47	0	0	0	0	0	0	0	0	0	0	0	0	0	0	0	0	0	0	0	0	0	0	0	0	0	0	109	0	0	0	0	0	0	0	0	0	0	0	0	0	0	0	0	0	0	0	0	0	0	0	0	0	0	0	0	0	0	0	0	0	0	0	0	0	0	0	0	0	0	0	0	0	0	0	0	0	0	0	0	0	0	0	0	0	0	0	0
CON8	3317	524	0	0	43	0	17	0	117	65	18	0	0	0	0	0	0	0	697	0	0	203	0	0	15	0	13	0	0	0	0	0	0	0	0	0	0	42	0	0	0	15	0	0	0	0	0	0	0	0	0	0	0	16	0	0	13	0	51	0	0	0	0	0	13	0	0	0	25	11	0	0	0	19	0	0	0	0	0	0	12	0	0	0	0	22	0	48	19	0	24	69	0	0	0	0	0	0	12	0	0	0	0	0	23	0	50	16	0	0	0	0	0	0	10	19	0	30	0	0	0	0	0	0	0	0	0	0	0	0	0	0	15	29	175	0	0	0	0	0	0	0	0	0	17	56	0	0	0	0	0	20	0	0	0	0	0	0	0	0	0	16	0	0	0	0	31	0	0	0	11	0	0	24	31	0	0	0	12	0	0	0	0	0	0	0	0	0	0	0	0	0	0	0	19	0	0	31	0	11	27	0	0	0	0	0	0	0	0	0	0	0	0	0	0	25	26	0	0	0	17	0	0	0	11	0	0	0	12	0	0	0	0	0	13	0	0	0	0
CON9	26	0	0	0	0	0	0	0	0	0	0	0	0	0	0	0	0	0	0	0	0	0	0	0	0	0	0	0	0	0	0	0	0	0	0	0	0	0	0	0	0	0	0	0	0	0	0	0	0	0	0	0	0	0	0	0	0	0	0	0	0	33	0	0	0	0	0	0	0	20	0	0	0	0	0	25	0	26	0	0	0	0	0	0	0	0	0	0	0	0	64	0	0	0	0	0	0	0	0	0	0	0	0	0	0	0	0	0	0	0	0	0	0	0	0	86	0	0	0	0	0	0	0	0	0	0	0	0	0	0	0	0	0	0	0	0	0	0	0	0	0	0	0	0	0	0	0	0	0	0	24	0	30	0	0	0	0	0	0	125	0	0	0	0	0	0	0	0	149	0	0	0	0	0	0	0	0	0	0	0	0	57	0	0	0	0	0	0	0	0	0	22	0	0	0	0	0	0	0	0	0	0	0	0	0	0	0	0	0	0	0	189	0	0	0	0	0	0	0	0	0	0	26	0	0	0	0	30	0	0	0	0	0	0	0	0	0	0	0
CON10	705	118	0	0	95	0	10	0	246	0	11	0	14	0	0	0	0	13	385	0	0	20	0	0	11	19	0	0	0	0	0	0	0	0	25	0	0	0	0	0	0	0	0	0	0	13	0	0	0	0	0	22	0	0	0	0	0	0	0	0	0	0	14	0	0	0	0	179	0	0	0	0	0	0	0	0	0	0	0	0	0	0	0	0	0	0	0	17	0	0	0	0	0	0	0	0	0	0	11	0	0	0	0	0	0	0	0	0	0	0	13	0	0	0	0	0	0	22	0	0	0	0	0	14	0	0	12	0	0	0	0	0	10	0	23	0	12	0	0	0	0	0	0	22	0	0	0	0	0	0	0	0	0	22	12	0	0	0	18	0	0	0	0	0	0	0	0	0	0	0	28	0	0	0	0	0	0	0	0	0	0	24	0	0	0	0	0	0	0	0	0	0	0	0	0	0	0	0	0	0	11	20	0	0	0	0	0	0	0	0	0	0	0	15	0	15	0	0	53	0	0	0	0	0	0	0	0	0	34	0	0	0	0	0	0	0	0	0	0
CON11	90	137	0	0	14	0	21	0	51	161	0	0	0	0	0	0	0	0	0	0	0	30	0	0	0	13	0	0	0	0	0	0	0	0	0	0	0	0	0	0	0	0	0	0	0	0	0	0	0	0	0	22	0	0	0	0	0	0	0	0	0	0	0	0	0	0	0	15	35	10	0	0	0	0	19	13	0	20	0	0	0	0	50	0	0	0	0	0	0	0	0	0	13	0	0	0	12	0	0	0	0	0	0	18	0	0	0	0	0	0	20	0	0	0	0	0	0	0	0	0	0	0	0	0	0	0	16	0	0	0	0	0	0	285	13	0	0	0	0	0	0	0	0	0	0	0	0	0	32	0	0	0	0	0	0	0	0	0	0	0	0	0	0	0	13	0	0	0	0	0	0	0	14	0	0	0	0	0	0	0	26	0	0	0	22	0	0	32	0	0	0	0	106	19	0	0	0	0	0	0	22	0	0	0	0	0	0	0	0	0	0	0	0	0	13	0	26	0	0	20	0	0	17	0	0	0	0	0	10	21	0	0	0	36	33	0	19	0	0
CON12	90	0	0	0	0	0	18	0	0	0	0	0	0	0	0	25	0	0	51	0	0	0	0	0	0	0	81	0	0	0	0	0	0	0	0	0	11	0	0	0	46	0	0	10	0	0	0	0	0	0	0	0	0	10	42	0	0	0	0	0	0	0	0	0	0	14	0	0	0	11	0	0	0	15	0	0	13	0	0	0	0	0	0	0	0	0	0	0	0	0	0	0	0	19	0	0	0	0	0	0	0	0	0	0	0	0	0	0	0	0	0	0	0	0	0	14	0	58	0	0	0	0	0	0	0	0	0	0	0	0	0	18	0	0	0	0	0	0	0	0	0	0	0	0	0	0	0	0	0	0	0	0	0	0	0	0	0	0	0	0	0	0	0	0	0	0	0	0	0	0	0	0	0	0	0	0	0	0	0	99	0	0	0	0	0	0	0	0	0	0	0	0	0	0	0	0	0	0	0	0	0	0	0	0	0	0	0	0	0	0	0	0	0	0	0	0	0	0	0	19	0	0	0	0	0	0	0	0	0	0	0	0	0	0	0	0	0	0	0
CON13	3766	322	80	17	16	0	52	0	392	0	15	0	0	0	0	0	0	0	144	0	0	133	0	0	28	0	0	0	0	0	0	0	0	0	21	0	0	0	0	17	0	12	0	0	0	0	0	0	0	10	10	0	0	0	0	0	20	0	0	0	16	20	0	0	0	0	0	0	0	0	0	0	0	0	0	13	85	0	0	0	0	0	0	67	13	10	0	0	0	0	0	0	0	0	0	0	0	0	0	0	16	0	0	0	13	0	178	0	32	0	0	0	26	0	0	0	26	56	0	0	0	0	0	11	75	0	15	0	0	0	0	0	0	0	0	0	0	0	0	0	0	0	0	0	0	0	0	0	0	0	0	0	0	0	14	4025	0	0	10	0	18	14	0	0	0	0	0	0	0	0	0	0	0	0	0	0	0	0	0	0	0	0	0	0	0	0	0	0	0	0	0	0	0	0	11	0	0	0	0	0	0	11	0	0	0	0	18	16	0	0	0	0	0	0	0	0	0	0	0	0	0	0	0	0	0	10	28	14	23	0	0	0	0	0	0	0	0	0	0
CON14	0	60	0	0	0	0	0	0	0	0	0	0	0	45	0	0	0	0	0	0	0	42	0	0	0	0	0	0	0	0	0	0	0	29	0	0	0	0	0	0	0	47	0	0	0	0	0	0	54	0	0	0	0	0	0	25	0	0	0	0	0	0	0	0	0	0	0	0	0	0	0	24	0	0	0	0	0	0	0	0	0	28	0	0	0	0	0	0	0	0	0	0	0	0	0	0	0	0	0	0	0	0	0	0	0	0	0	0	0	0	0	0	0	0	0	0	0	0	0	0	0	35	0	0	0	0	0	0	0	0	0	0	0	0	0	0	0	0	0	0	0	0	0	0	0	0	0	0	0	0	0	17	0	0	11	0	0	0	0	0	0	0	0	0	0	0	0	0	0	0	0	0	0	0	0	0	0	26	0	0	0	0	0	0	0	18	0	0	0	0	0	0	204	0	0	0	0	0	0	0	0	0	0	0	0	20	0	0	0	0	0	0	0	0	0	0	0	0	0	0	54	17	0	0	0	0	0	0	0	0	0	0	0	51	0	0	33	0	0
CON15	802	111	0	0	61	0	0	0	106	65	43	27	0	0	0	12	12	0	47	0	0	30	0	0	15	28	0	14	44	0	0	14	0	0	0	0	34	0	0	0	0	0	0	0	20	0	0	0	40	0	0	51	0	0	12	38	0	0	14	0	0	0	0	0	0	0	0	46	35	30	0	0	0	0	0	30	0	0	0	0	0	0	0	0	0	0	0	0	19	0	0	0	0	0	0	0	17	0	0	0	99	0	0	0	0	19	0	0	0	0	42	0	10	0	15	0	0	0	0	32	0	0	36	0	0	10	0	0	0	0	11	0	40	0	19	0	0	0	0	0	0	0	0	0	15	0	0	0	0	0	14	0	0	0	0	0	0	0	0	0	0	0	0	0	0	0	0	0	15	0	0	0	0	0	0	19	0	0	0	0	0	0	0	0	20	0	0	0	0	0	23	0	0	0	0	16	0	0	0	0	0	0	18	0	0	33	0	31	41	10	0	0	0	0	20	164	0	0	0	13	0	47	0	0	0	0	0	0	0	0	0	0	0	0	24	0	0	0	0
CON16	56	555	0	0	0	0	0	62	151	0	58	21	16	0	18	0	0	26	68267	0	0	256	0	0	14	0	61	66	0	0	0	12	0	84	55	0	11	0	0	0	0	57	0	43	66	0	21	37	20	21	0	10	0	0	31	13	0	0	15	0	0	0	0	12	0	0	12	0	0	0	0	15	43	0	0	20	0	0	0	66	0	0	0	0	0	0	0	0	0	0	0	0	0	0	12	0	28	0	0	0	0	0	0	0	0	0	0	0	0	0	0	0	0	0	0	10	0	0	0	0	21	0	16	0	0	14	0	80	0	0	18	11	0	1950	0	40	0	21	11	0	12	115	29	176	0	20	31	19	0	16	14	165	0	0	24	15	17	51	0	0	33	0	18	0	67	0	21	0	0	0	0	0	0	51	10	0	34	0	0	10	0	0	0	0	0	0	15	0	0	0	24	0	0	0	0	0	0	0	0	0	0	10	0	0	0	29	17	0	0	64	0	0	0	96	0	0	0	0	0	0	0	0	0	0	0	0	0	0	0	0	0	0	0	0	0	10	0	0	0
CON17	0	319	0	0	0	0	0	0	0	0	27	0	0	0	0	0	0	23	71	0	0	147	0	0	0	0	0	0	0	0	0	0	98	0	0	0	0	0	0	0	0	21	0	0	0	0	24	0	0	0	0	0	0	15	0	0	0	0	0	32	0	12	0	0	0	0	16	0	0	0	0	0	21	0	0	0	0	0	0	0	0	15	0	0	0	0	0	0	0	0	16	0	0	0	0	0	0	0	0	0	105	0	89	0	129	0	0	0	0	0	0	0	100	0	0	0	0	302	0	0	138	0	39	0	0	0	0	0	0	0	17	0	0	0	0	0	0	0	0	10	10	0	0	32	0	30	0	0	0	0	0	0	0	0	0	0	0	0	0	24	0	0	43	0	0	0	0	0	0	0	0	0	0	0	0	0	0	0	0	0	0	0	0	0	0	23	0	0	0	0	0	0	0	0	0	0	0	0	0	0	0	0	0	0	0	0	0	0	0	0	0	0	0	0	0	0	0	0	0	0	0	0	13	0	0	13	0	0	0	0	16	0	0	63	0	0	23	0	0
CON18	10	189	36	0	64	0	49	0	83	54	146	0	32	0	0	28	0	32	142	0	0	63	0	0	0	0	15	0	0	0	33	10	0	0	0	0	0	0	12	0	0	14	0	0	0	0	0	0	0	0	0	13	0	0	28	0	11	0	0	0	0	0	0	60	0	19	0	0	0	0	0	0	10	0	0	23	0	0	0	0	0	0	0	0	0	0	0	0	0	0	0	0	12	0	36	0	0	25	28	0	11	20	0	0	0	0	0	0	21	0	0	0	0	0	0	0	0	0	0	19	0	0	0	0	0	0	0	0	0	0	0	0	0	15	0	0	0	0	0	0	0	0	40	0	0	75	0	0	0	0	0	0	0	0	0	0	0	0	0	97	0	0	21	0	21	0	0	0	0	0	0	0	0	0	0	0	14	0	0	0	0	0	0	0	0	0	15	0	0	17	0	0	10	0	0	0	0	0	30	0	23	63	20	0	0	0	0	0	0	0	0	0	17	0	13	0	0	0	0	0	15	0	0	0	14	0	0	0	14	0	0	0	0	0	0	0	0	0	0
CON19	61	246	0	0	302	0	105	0	29	0	0	0	0	0	0	0	0	0	0	0	0	53	0	0	0	0	0	0	33	10	0	0	45	0	0	0	0	0	0	0	0	0	0	0	0	0	0	0	0	0	0	70	0	0	0	0	0	0	0	0	0	0	0	0	0	0	0	0	0	13	0	0	0	38	0	0	0	0	0	0	10	0	0	0	0	13	0	0	0	0	0	11	0	0	0	0	0	25	0	0	0	0	95	0	0	13	0	0	0	0	19	0	0	0	0	0	0	0	11	0	70	0	15	0	0	0	12	145	0	0	0	0	0	0	0	0	0	0	0	0	14	0	0	0	0	75	0	0	0	0	0	0	0	0	16	0	0	0	0	0	0	0	0	0	0	0	0	0	0	0	0	0	0	10	0	11	0	0	0	0	0	0	0	0	0	0	0	0	0	0	0	0	0	0	0	0	0	0	19	0	0	0	22	0	0	0	0	0	34	0	0	0	0	0	49	13	27	18	0	0	0	0	0	0	0	0	0	0	22	0	0	0	0	23	0	0	0	0	0
CON43	642	428	0	0	11	0	41	32	166	111	13	0	0	0	0	0	0	14	76	0	0	15	10	0	0	10	0	11	0	0	17	13	0	0	65	0	0	0	0	0	0	21	34	29	16	0	0	0	0	0	0	0	0	0	14	0	18	0	0	0	0	0	0	11	0	0	0	80	0	10	0	19	0	0	0	0	0	0	0	0	0	35	0	0	0	14	0	22	15	0	0	17	17	0	0	0	0	0	0	0	51	0	20	0	115	0	0	0	11	0	0	13	0	0	0	0	0	124	0	0	0	0	0	0	0	0	0	0	0	0	0	0	0	77	0	0	0	12	0	0	0	0	59	0	0	62	0	0	0	18	0	12	0	0	12	0	0	0	47	0	0	0	0	23	0	0	0	58	0	0	15	0	0	0	12	12	0	0	16	12	0	0	0	0	0	0	12	0	0	0	53	0	0	56	0	0	0	0	0	0	0	0	27	0	0	0	12	0	0	0	0	0	0	0	0	0	0	0	0	12	0	0	0	0	12	0	0	0	16	0	0	0	0	0	0	0	0	0	0
CON44	4298	36	0	0	0	0	0	0	0	31	44	0	15	0	0	0	0	0	0	0	17	13	0	40	0	0	0	24	0	0	0	0	22	0	0	0	0	0	0	0	32	30	0	82	51	0	0	0	0	0	30	0	0	0	0	0	0	0	0	0	0	0	0	0	0	0	0	0	0	0	0	0	0	0	0	0	0	0	0	0	30	0	0	0	0	0	0	0	0	0	0	0	0	12	0	0	16	0	0	0	0	0	0	69	0	0	0	0	0	0	0	0	23	0	0	0	0	0	0	0	0	0	0	0	0	38	0	0	12	14	0	0	0	122	0	0	34	0	0	0	0	0	0	0	0	0	50	0	0	61	0	0	11	0	11	0	0	0	16	0	0	0	0	0	0	0	0	0	0	0	16	22	0	0	0	0	0	0	60	0	0	0	0	0	0	0	11	0	0	0	0	0	0	0	0	0	0	0	0	0	53	0	0	0	0	23	0	0	0	0	0	47	0	0	0	0	0	0	38	0	0	0	0	0	0	0	0	14	0	39	0	0	0	0	0	0	0	0	0
CON45	69	517	14	0	0	0	0	0	0	0	0	0	84	0	0	0	0	257	0	0	0	207	0	0	110	0	20	27	0	0	0	0	0	0	0	0	0	0	0	0	0	0	0	11	36	0	19	24	0	0	0	0	50	0	0	0	0	0	12	0	0	0	0	0	18	0	0	0	0	0	0	0	0	0	0	0	0	0	28	0	0	0	0	0	0	0	0	0	0	0	0	15	0	0	0	0	0	0	0	0	0	0	0	75	0	0	0	0	0	0	0	0	0	0	0	0	0	0	0	0	0	0	0	0	0	11	0	0	0	0	0	0	0	0	0	0	0	0	0	0	0	0	0	0	0	0	0	0	0	0	0	0	0	0	0	0	0	0	0	0	0	0	0	0	0	0	0	0	0	0	0	0	0	0	0	0	0	0	0	0	0	0	0	0	0	0	0	0	0	0	0	0	0	0	0	0	0	0	56	0	0	0	0	0	0	0	0	0	0	0	81	0	0	0	0	0	127	0	0	0	0	0	0	0	0	0	0	0	17	0	17	0	0	0	0	0	0	19	0
CON38	625	266	0	0	0	24	0	0	44	0	0	0	0	0	0	0	0	0	5211	0	0	56	10	85	0	0	15	0	0	0	0	0	0	0	0	0	0	0	0	0	12	0	0	17	0	0	0	0	0	0	0	0	0	11	0	0	0	0	0	14	0	0	0	16	39	0	0	0	0	25	0	0	0	0	0	0	0	0	0	0	0	0	0	0	0	0	0	0	11	0	0	0	0	0	0	0	0	0	13	0	28	0	0	0	104	0	0	0	15	0	0	0	0	0	0	0	0	48	0	35	0	0	0	0	0	0	0	0	0	0	0	0	0	12	0	0	0	0	0	0	0	0	14	11	0	23	15	0	0	0	0	0	0	30	16	0	0	0	0	0	21	17	0	0	0	0	0	0	0	0	0	0	33	0	0	0	0	0	0	14	0	44	0	0	0	0	0	0	0	0	0	0	0	0	0	0	0	0	0	0	26	0	0	0	0	0	0	0	0	12	0	0	0	0	0	0	0	0	0	0	0	0	15	0	0	0	0	0	0	0	0	0	0	0	0	0	0	0	0
CON39	16051	399	0	0	0	0	0	28	13	0	85	0	0	24	0	0	0	0	30	0	0	153	0	0	32	0	38	14	0	0	0	0	15	0	64	0	0	0	0	0	19	0	0	157	13	180	0	0	0	0	0	0	0	0	0	0	25	0	0	0	0	14	0	0	0	0	10	0	16	0	0	0	0	0	53	0	0	0	0	0	13	38	19	0	0	0	0	0	22	0	0	0	0	0	0	0	0	26	0	50	0	0	23	0	17	0	0	0	0	0	0	0	0	0	0	0	0	43	20	0	0	0	14	0	0	0	0	0	0	0	0	0	0	0	0	0	0	0	0	0	0	23	0	14	0	0	0	0	10	0	0	14	0	0	33	0	0	0	20	0	0	0	0	0	0	0	0	45	0	0	34	0	0	0	0	0	18	0	0	0	0	0	52	58	10	0	0	0	12	0	11	16	0	0	0	0	0	0	0	0	0	0	18	0	27	0	0	0	0	0	0	0	0	0	0	0	43	0	0	0	0	0	0	0	0	0	0	0	0	0	0	33	0	0	0	0	0	0	0
CON40	59	199	98	0	203	0	0	0	213	0	0	0	0	0	0	0	0	0	50	0	0	34	0	0	0	0	16	10	0	0	0	12	0	0	0	0	11	0	0	0	0	60	111	0	0	0	0	0	0	0	0	47	0	0	14	0	0	150	0	30	98	0	0	0	0	0	0	0	0	0	0	0	0	0	0	0	0	0	0	0	0	0	0	0	0	15	0	0	0	0	0	0	17	0	0	0	14	0	30	0	0	0	0	0	0	0	0	29	0	0	0	0	0	0	0	0	0	24	0	0	0	0	0	0	0	0	0	0	12	0	0	0	0	0	0	0	0	0	0	0	0	0	126	0	0	108	0	29	0	0	0	0	0	12	12	0	0	0	0	0	53	0	0	0	0	14	0	19	0	0	0	0	0	0	0	0	34	0	0	0	0	14	0	0	0	0	0	0	0	0	0	0	0	0	0	0	18	0	0	0	0	0	0	0	14	0	0	0	0	0	0	104	0	0	59	0	0	0	0	0	0	0	0	0	0	0	0	204	14	0	0	0	100	0	12	0	0	0	0
CON41	45	1261	0	0	86	0	0	16	424	0	0	0	0	0	0	0	0	55	64	0	0	65	0	0	18	0	0	0	13	0	0	0	0	0	10	0	11	0	0	0	0	0	0	21	0	0	0	0	0	0	0	34	0	0	0	0	19	0	0	14	0	0	13	0	0	0	0	0	0	0	0	0	0	0	0	0	0	19	0	0	18	0	0	0	0	11	0	12	0	0	0	0	0	0	0	0	0	0	0	0	0	0	0	25	0	0	0	0	10	0	27	0	0	0	0	0	0	11	0	0	10	22	0	0	0	0	0	0	0	0	0	0	0	270	0	0	11	0	0	0	0	0	234	0	0	109	0	0	0	0	0	0	0	0	13	0	0	0	0	0	0	0	33	0	0	0	0	41	0	0	0	0	14	0	0	0	34	0	0	0	0	0	0	0	0	0	10	0	0	0	0	12	0	0	11	0	0	0	0	10	40	0	45	0	0	0	0	0	29	0	0	13	27	0	24	0	19	0	0	0	0	0	18	0	12	10	0	0	0	0	0	0	0	18	0	0	0	0	0
CON42	3603	763	94	0	234	0	0	0	127	16	33	0	0	0	0	0	0	14	82	0	0	340	0	27	11	0	0	0	0	0	0	27	0	0	18	12	0	0	0	0	0	17	0	22	37	54	0	0	0	0	0	46	0	24	0	0	0	0	0	0	56	0	88	0	10	10	0	0	0	25	0	81	13	26	0	0	0	0	81	0	0	16	0	13	19	0	0	10	0	0	0	0	0	20	10	0	0	36	31	16	0	49	0	0	0	17	0	0	29	0	46	0	0	0	0	0	0	0	0	0	0	0	0	0	0	0	0	0	0	0	0	0	0	0	0	0	0	0	0	0	0	0	0	0	0	0	0	0	0	0	0	0	0	0	0	0	13	0	0	0	0	0	0	0	0	10	0	0	0	0	99	34	0	0	0	0	0	0	30	24	0	0	14	14	0	65	17	0	0	0	0	0	0	68	0	0	0	0	0	0	0	0	14	13	0	0	0	32	94	0	0	67	13	0	63	0	0	0	0	0	0	0	27	22	0	12	0	0	0	0	0	0	0	158	0	15	71	23	0
CON46	2376	224	0	0	92	0	10	0	33	11	36	0	0	0	0	0	29	27	120	0	0	57	0	0	0	0	0	0	0	0	0	0	11	0	0	0	0	0	0	0	0	74	0	87	0	44	0	0	0	0	0	45	0	0	0	0	0	0	0	0	23	0	22	0	0	18	0	0	0	17	16	0	0	19	0	0	0	0	0	0	12	23	0	0	0	0	0	0	0	10	0	11	33	0	11	0	17	17	24	11	120	0	12	0	64	0	0	0	20	0	32	0	0	0	0	0	0	166	0	0	0	0	0	0	0	0	0	0	0	0	0	0	21	0	0	0	16	0	0	0	0	0	0	22	0	0	0	0	0	0	12	0	0	0	17	0	16	0	0	0	0	0	12	0	0	0	21	13	10	0	15	0	16	0	0	0	37	0	0	0	0	0	18	0	0	0	0	33	0	0	0	0	0	0	0	0	0	0	0	0	42	0	10	0	35	0	0	13	0	0	0	0	0	0	0	20	0	0	63	0	0	15	0	0	0	0	0	0	0	0	0	0	0	0	0	11	0	0	0
CON47	197	445	0	0	35	0	23	15	88	0	17	15	0	0	0	0	207	0	184	0	0	55	0	0	0	13	28	17	0	16	0	0	0	0	84	0	0	0	11	0	0	0	0	56	0	0	0	0	0	11	0	0	0	0	0	0	0	0	0	10	0	0	0	0	0	0	0	0	0	14	0	0	0	15	0	21	0	0	10	0	0	0	0	51	0	0	0	0	0	0	0	0	0	0	0	0	0	0	10	0	0	0	0	0	14	0	0	0	0	0	0	0	0	0	0	0	0	23	0	0	0	0	0	0	0	0	0	0	0	0	0	0	0	0	0	0	0	76	0	0	0	0	0	0	0	75	0	0	0	36	0	0	0	0	0	0	0	0	0	0	0	0	0	0	0	0	0	0	0	0	0	0	0	0	0	0	0	0	0	0	0	14	0	0	0	16	0	0	0	0	11	0	20	0	0	10	0	0	0	0	0	0	0	154	0	0	0	0	0	0	0	0	0	0	0	0	0	0	0	0	0	0	0	0	0	0	0	0	0	0	0	0	0	30	0	0	16	10	12
CON20	3615	0	0	0	0	0	27	0	0	0	0	0	0	0	0	0	0	0	0	0	0	0	0	0	0	12	0	0	0	0	0	0	11	0	0	0	0	0	0	38	0	0	0	0	0	0	0	26	0	0	0	0	0	0	0	0	0	20	0	0	0	0	0	0	0	0	0	0	15	0	0	48	0	0	0	0	0	0	0	0	0	0	29	0	0	0	0	0	0	0	0	0	0	10	0	0	0	0	0	0	0	0	66	0	122	0	0	0	12	0	0	0	0	0	0	0	14	215	0	0	0	0	99	0	42	0	0	0	0	19	25	0	23	17	0	0	0	0	0	61	0	0	0	0	0	0	0	0	0	0	0	0	101	0	0	0	14	0	0	0	0	0	0	0	0	12	13	0	0	0	0	0	0	0	0	0	0	0	0	0	0	0	0	0	0	0	0	16	0	0	0	0	99	0	0	0	0	0	0	126	0	0	0	0	0	0	0	0	0	0	0	0	0	0	0	0	0	0	0	0	0	0	0	0	0	0	0	0	32	0	0	0	0	0	0	0	0	0	0
CON21	253	113	24	0	17	0	267	0	397	18	0	0	0	0	0	0	0	0	192	0	0	18	0	0	0	0	27	0	18	0	0	14	0	0	54	0	0	0	0	0	0	10	0	0	0	0	0	0	0	0	0	0	0	0	0	0	0	0	0	0	0	0	0	0	0	0	0	0	0	0	0	0	0	0	0	0	0	31	0	0	0	34	0	0	0	11	0	13	0	12	0	0	0	0	0	0	0	0	0	0	0	0	43	0	57	0	0	0	0	13	0	0	0	0	0	0	0	138	0	0	0	0	0	0	0	0	0	11	0	0	0	0	0	0	0	0	0	0	0	0	0	0	0	0	0	0	0	15	0	0	0	0	0	0	0	0	0	0	0	17	0	0	0	0	11	0	0	0	0	0	0	0	0	0	0	0	0	0	0	17	0	0	0	0	0	0	16	0	0	0	0	17	0	0	0	10	0	0	0	0	0	14	0	0	0	0	0	0	0	0	0	0	0	0	0	0	0	0	0	0	0	0	57	0	0	0	0	0	0	0	0	0	0	0	0	0	0	0	0
CON22	360	200	0	0	34	0	23	0	74	0	49	0	0	0	11	0	0	0	0	0	0	29	0	0	11	0	0	10	0	0	0	13	0	0	0	0	0	0	0	11	0	17	0	0	12	0	0	0	0	0	0	19	0	0	0	0	0	0	0	0	0	0	0	0	0	16	0	23	0	0	0	0	0	0	0	0	0	0	0	0	0	0	0	0	0	0	0	0	15	0	0	0	0	0	0	0	0	0	0	0	0	0	0	0	0	14	0	0	0	0	0	0	0	12	0	0	0	21	0	0	0	0	0	0	0	0	0	0	0	0	0	0	0	71	0	0	0	0	0	0	0	0	0	0	0	0	11	0	0	0	0	0	0	0	0	0	0	0	0	0	17	25	0	0	17	0	0	0	0	0	0	0	0	0	0	0	0	0	20	0	0	0	0	0	0	15	0	0	0	0	0	0	19	0	0	0	0	23	0	0	0	0	0	0	0	0	0	0	16	0	0	0	0	32	0	0	17	13	0	0	0	0	0	0	0	0	0	0	0	0	0	45	0	55	0	0	39	18	66
CON23	14501	867	0	16	425	0	0	15	12	0	80	0	0	0	0	0	0	273	0	0	0	0	0	0	0	0	0	0	0	0	0	20	0	0	0	0	30	0	0	0	42	0	0	0	0	28	0	0	0	0	0	85	10	0	13	0	11	0	10	0	0	0	0	0	10	0	0	0	19	0	0	0	12	0	0	0	37	0	0	63	0	40	0	0	0	0	0	0	0	15	0	0	16	0	68	27	0	0	0	11	0	0	13	0	0	24	0	0	0	0	32	44	0	0	35	0	68	91	0	0	0	0	0	0	112	0	0	0	0	0	0	0	0	0	0	0	0	0	0	0	0	0	0	0	0	21	0	0	0	0	0	0	0	0	17	0	0	0	0	0	0	24	0	35	0	0	0	0	24	0	14	0	0	119	0	0	45	0	0	0	0	0	14	15	47	199	0	0	0	0	0	0	0	0	0	0	0	0	0	0	0	0	0	0	0	0	0	0	0	0	0	0	0	0	88	0	0	0	0	32	24	0	0	0	0	0	0	0	83	0	0	0	0	449	0	0	285	0	0
MI33	124	498	0	14	33	0	480	0	675	149	32	10	14	0	0	0	10	0	0	11	0	165	0	97	16	0	0	0	0	0	0	0	0	21	0	0	0	0	0	0	0	0	0	167	0	0	0	99	0	0	0	17	0	18	0	0	19	13	0	0	43	12	0	0	0	0	0	0	0	0	0	14	0	0	0	24	0	11	0	0	0	0	0	0	0	0	69	0	0	0	0	0	29	0	13	0	0	0	0	0	0	0	0	0	30	0	0	0	0	36	0	0	0	0	32	0	0	39	0	0	0	0	0	0	0	0	0	0	0	0	0	0	34	0	0	0	0	0	22	14	0	0	0	21	0	0	0	0	0	0	0	34	0	0	10	0	11	0	25	0	0	0	10	0	0	0	0	0	0	0	0	0	0	0	0	0	0	0	0	0	0	0	0	0	0	0	0	13	0	0	0	0	0	0	0	0	54	0	0	0	0	0	0	0	0	0	0	0	0	21	0	108	0	0	0	0	0	14	12	0	0	0	0	0	0	0	0	18	17	0	0	0	0	0	0	0	0	0	0
MI32	13	153	18	0	0	95	1316	0	226	0	21	16	0	0	0	0	10	29	36	0	0	60	0	0	0	42	14	31	0	0	0	15	0	0	0	0	0	0	0	0	0	0	0	0	48	0	0	0	0	0	0	0	0	0	0	0	0	0	0	0	0	0	0	0	0	12	0	0	28	0	0	0	18	10	10	0	0	0	14	0	20	0	0	0	0	15	19	0	15	0	22	0	0	0	0	0	14	0	25	0	0	0	0	16	0	0	0	14	10	0	0	0	0	0	0	0	0	47	0	0	0	0	0	24	0	27	13	10	0	0	0	0	0	198	0	0	0	0	0	0	0	0	0	0	0	23	0	0	0	0	0	0	0	0	0	0	0	202	0	0	0	0	11	0	0	0	0	0	0	0	0	0	0	0	0	0	0	0	0	0	17	0	0	0	0	0	42	0	0	0	0	0	0	0	38	0	0	0	0	43	79	0	0	0	0	0	0	0	0	0	183	0	0	0	0	0	16	0	0	0	0	0	0	0	0	11	0	0	11	0	0	0	0	0	0	0	0	0	0
MI38	60572	212	0	0	38	0	0	0	21	161	0	0	0	0	0	0	26	0	0	0	0	95	0	0	0	0	0	0	0	0	0	0	0	0	0	0	0	0	0	0	20	16	0	0	0	0	0	0	0	15	0	11	0	0	0	0	10	10	0	0	0	0	0	0	0	0	0	0	0	0	0	0	10	0	0	0	18	0	0	0	0	0	0	0	0	0	32	0	0	0	0	0	23	0	0	0	0	0	0	0	0	0	0	0	0	0	0	0	0	0	0	0	13	0	0	0	29	0	0	0	0	0	0	0	0	0	31	0	0	0	0	0	0	0	0	0	0	0	0	0	0	0	0	0	0	0	0	0	0	0	0	0	0	0	0	0	0	0	0	0	0	0	14	0	0	0	0	0	0	0	0	0	0	0	0	0	0	0	0	0	22	0	0	0	0	0	0	0	0	0	0	0	0	0	0	12	16	0	0	0	0	0	0	0	0	0	0	0	0	29	0	0	15	0	0	0	0	30	0	0	0	0	0	0	0	0	0	0	0	0	0	0	0	0	0	0	0	0	0
MI36	1391	358	36	0	37	0	11	0	24	270	0	0	13	11	0	0	0	0	164	0	0	30	0	0	0	0	17	62	0	0	0	0	0	0	33	0	13	20	12	0	0	0	12	0	0	0	0	0	0	0	0	0	0	0	0	0	0	0	0	0	17	0	14	0	0	0	0	0	0	0	0	0	16	0	35	0	0	0	45	0	0	21	0	0	0	0	0	0	11	0	0	0	0	0	0	0	0	0	0	0	0	0	24	0	341	0	0	0	0	0	0	0	0	0	23	30	30	237	0	0	17	0	0	0	15	0	0	0	12	0	0	0	0	0	0	0	0	0	0	0	0	0	0	0	0	0	0	0	0	0	0	0	0	0	0	0	0	0	0	0	0	0	0	0	0	0	0	11	36	0	0	0	0	0	0	0	0	0	0	0	55	0	0	0	0	20	0	0	0	0	0	0	19	0	0	0	0	0	0	0	0	0	0	0	0	0	0	0	0	0	0	0	0	15	0	0	0	0	0	0	0	0	0	0	13	0	0	0	0	13	0	0	13	65	0	0	13	0	0
MI34	1592	24	0	17	0	0	0	16	79	0	55	0	12	0	0	0	0	0	57	0	0	0	63	0	47	0	0	0	0	0	0	0	10	0	0	0	0	0	0	0	0	0	0	0	0	0	0	0	0	0	13	0	0	0	0	0	0	0	0	11	0	22	21	0	0	10	0	0	0	0	0	39	0	13	0	23	0	0	0	0	0	117	0	0	0	0	0	0	0	0	0	12	0	0	15	30	0	0	0	0	77	22	0	0	23	0	0	0	0	0	0	0	0	0	0	43	0	21	0	0	0	0	0	0	0	0	0	0	0	0	0	0	86	169	0	0	16	0	0	0	0	0	0	0	0	0	0	0	36	0	0	0	0	32	0	0	0	0	0	0	0	0	0	0	0	0	0	0	0	0	0	16	0	0	0	0	0	13	0	0	0	0	0	0	0	78	0	0	0	0	0	0	0	0	0	0	32	0	21	0	0	0	0	0	0	0	0	13	0	0	52	0	0	0	0	0	12	0	0	0	75	0	19	0	0	0	0	0	0	0	0	0	17	116	0	10	61	0	0
MI35	19101	244	0	37	26	0	0	0	345	0	86	11	39	0	10	11	0	23	102	0	0	69	57	0	0	0	0	0	10	0	0	0	17	0	33	0	0	0	0	0	0	23	0	523	13	232	0	130	0	0	0	0	0	0	0	0	0	0	0	32	0	0	0	0	17	0	0	0	0	19	0	0	0	0	0	0	0	0	0	0	0	0	0	0	0	10	0	0	11	14	0	0	0	0	31	0	0	0	0	45	0	0	0	0	0	0	0	0	0	0	0	0	0	0	0	0	0	12	0	0	0	0	0	0	0	0	12	0	0	22	0	0	0	68	0	0	0	0	0	0	0	0	0	0	12	0	59	0	0	0	0	0	11	0	0	0	0	11	0	0	0	92	14	0	0	36	0	0	0	0	0	0	0	0	0	19	0	0	0	0	0	0	52	66	0	0	0	0	13	0	0	40	0	0	0	0	0	0	13	0	0	0	0	0	0	0	0	0	0	26	12	0	0	0	0	0	0	0	0	0	0	0	0	0	0	0	11	0	72	0	0	0	0	0	0	0	0	0	0
MI37	296	299	0	0	27	0	0	0	100	0	0	0	16	24	0	0	0	0	22	0	0	109	0	0	0	0	0	0	0	0	0	0	0	0	18	0	70	0	0	17	0	0	0	0	0	0	0	0	0	0	0	0	0	104	0	0	0	0	0	0	64	20	0	0	0	0	0	11	0	18	0	0	0	0	0	0	0	0	10	0	0	0	0	0	0	0	0	0	26	15	0	0	46	0	0	0	0	0	0	0	22	0	0	0	15	0	0	0	0	0	0	0	0	0	0	0	0	46	0	0	0	0	25	0	0	0	0	0	0	0	0	20	15	0	152	0	0	0	0	0	0	0	0	0	0	0	0	0	0	0	0	0	0	0	0	0	0	0	0	24	0	0	0	0	0	0	142	0	0	0	0	0	0	0	0	0	0	0	0	0	0	0	0	0	0	0	0	0	0	0	0	0	0	0	0	0	0	0	0	0	0	0	0	0	0	0	0	40	0	0	0	0	0	0	0	0	0	0	0	0	35	0	0	26	0	0	0	0	0	0	0	0	22	21	0	0	20	0	0
MI27	87435	376	21	0	55	0	16	0	159	174	65	0	0	0	0	0	0	32	47	0	0	97	0	0	13	0	13	0	0	0	16	0	14	26	0	0	0	0	0	0	0	11	0	0	0	359	0	0	0	0	0	0	0	0	0	0	0	0	0	0	0	0	0	0	0	0	0	0	0	0	0	13	0	0	0	0	0	0	0	0	0	0	0	0	0	0	0	0	0	0	0	0	0	0	0	0	12	14	0	44	0	20	13	0	77	0	19	0	0	0	0	0	0	0	0	0	27	43	0	0	0	0	0	0	258	0	0	0	11	0	0	0	0	0	0	0	0	0	0	0	0	11	36	0	0	0	0	16	0	0	0	14	0	0	0	0	0	0	0	67	34	0	0	0	0	0	0	29	0	0	0	25	0	25	0	0	12	0	16	15	0	19	38	42	0	0	0	0	0	0	0	0	0	0	0	0	32	16	0	0	61	0	0	0	0	0	0	0	0	23	0	0	0	0	0	0	0	24	0	0	0	0	0	0	0	0	0	0	124	0	0	0	0	0	0	0	0	15	0
MI28	188	757	113	0	19	0	90	0	2061	23	79	0	0	0	0	0	0	0	86	0	0	289	0	0	22	0	11	0	18	0	0	0	0	0	21	0	0	0	21	0	0	94	0	12	0	0	0	0	0	0	0	38	0	0	12	0	26	0	0	30	0	0	11	30	19	0	0	0	0	14	0	11	0	0	20	0	0	0	21	0	15	0	0	0	0	40	0	0	0	0	33	0	0	0	21	0	25	0	0	0	45	0	0	0	0	0	0	0	0	0	0	0	10	0	0	0	0	35	0	0	0	0	0	0	0	0	0	0	0	0	0	0	0	0	0	0	0	0	0	18	0	0	228	35	0	122	0	0	10	0	0	0	0	22	0	16	0	0	0	0	22	0	0	0	0	0	20	0	0	0	13	0	0	0	0	0	44	0	0	0	30	0	0	0	15	71	0	0	0	0	0	29	54	22	11	13	0	0	0	0	0	0	0	0	0	16	0	0	25	0	0	0	29	0	0	0	0	24	0	0	0	0	0	0	0	0	0	0	12	105	0	10	0	158	0	0	50	15	0
MI29	23182	200	0	0	49	155	10	0	13	0	53	0	0	0	56	0	0	26	0	0	0	72	0	0	31	0	22	0	0	0	11	0	51	0	11	23	0	0	0	0	0	0	0	0	23	13	0	0	11	13	53	0	0	0	0	0	0	0	0	0	0	12	0	42	0	0	43	31	0	22	0	10	13	0	0	138	0	0	210	0	0	0	0	0	0	16	0	31	28	0	0	18	0	0	14	0	0	0	17	0	57	0	0	0	0	0	0	0	37	0	0	0	0	0	0	0	0	0	0	0	51	0	0	0	0	0	0	0	0	0	0	0	0	0	0	59	22	0	0	0	0	0	0	0	0	0	0	15	0	0	0	0	0	0	0	0	0	0	0	0	0	0	39	0	0	0	0	0	0	0	0	0	0	0	0	0	0	0	16	0	0	0	0	0	34	0	0	0	0	16	33	0	0	0	0	0	233	0	0	0	0	0	29	0	55	16	0	0	0	27	0	0	0	0	0	0	0	0	0	0	0	0	0	0	0	0	12	0	0	0	19	0	0	0	0	0	0	0	0
MI31	0	1196	0	0	205	0	12	0	329	0	41	0	0	0	0	0	0	0	0	0	10	22	0	0	14	0	0	0	0	0	0	0	0	0	0	0	0	0	0	0	0	0	0	0	0	0	0	0	0	0	0	71	0	0	0	0	0	0	0	0	0	0	0	0	0	0	0	0	0	0	0	0	0	0	0	16	0	0	19	0	0	0	0	0	0	0	0	0	0	0	0	0	0	0	0	0	0	0	14	0	0	0	0	0	0	0	0	0	0	0	84	0	0	0	58	0	0	0	0	0	0	0	0	0	0	0	0	0	0	0	0	0	0	0	0	0	0	0	0	0	0	0	0	0	0	0	0	0	0	0	0	0	0	0	12	0	0	0	0	0	0	0	0	0	0	0	0	0	0	0	0	16	0	0	0	0	14	0	0	0	19	0	0	0	0	0	35	0	0	0	0	0	0	0	28	0	0	0	0	0	11	0	0	0	0	0	0	0	0	0	0	12	10	64	0	0	0	0	0	0	0	0	0	0	0	0	0	50	0	50	0	0	0	0	0	0	0	0	0
MI17	0	0	0	0	0	0	0	0	120	0	0	0	0	74	0	0	0	0	0	0	0	0	0	50	21	0	0	0	0	0	0	0	0	12	0	0	0	0	0	0	0	21	0	0	0	0	0	154	0	0	21	0	0	0	0	0	0	0	22	0	0	0	0	0	0	0	50	27	0	0	16	0	0	0	12	0	0	12	14	16	15	13	0	0	0	0	0	0	0	0	0	0	0	0	13	0	0	10	0	0	0	0	0	0	91	0	0	0	0	0	0	0	0	0	0	0	0	120	0	0	0	95	0	14	0	0	0	0	0	34	0	0	0	0	0	41	0	0	0	0	0	0	0	0	0	0	0	0	0	11	0	0	0	0	305	0	0	0	31	0	0	24	0	0	0	0	14	0	0	0	0	0	41	0	0	0	0	0	0	0	10	0	0	0	0	0	0	0	0	0	0	0	36	0	0	0	0	0	0	17	0	0	0	0	0	0	0	0	0	0	0	0	0	0	0	0	0	312	0	0	16	0	0	0	0	0	29	0	0	10	0	0	0	0	0	0	0	0	0
MI21	869	1147	0	0	31	0	44	11	127	74	145	0	45	0	32	0	21	0	56752	83	0	443	0	0	0	0	60	94	0	11	0	203	13	17	23	0	10	0	25	0	0	0	17	72	156	0	0	0	0	0	0	20	0	0	0	30	36	20	0	0	11	16	0	12	0	0	0	0	0	16	0	0	0	0	0	0	0	0	0	0	0	0	0	0	13	0	0	0	0	0	0	0	0	0	0	41	0	0	0	0	17	52	0	0	0	0	0	0	13	71	0	0	10	0	0	145	0	0	16	0	18	0	0	0	21	0	0	0	0	0	0	18	15	1362	10	32	0	21	0	21	0	21	205	49	0	23	28	0	26	13	0	113	10	0	182	0	20	0	0	0	0	0	12	0	0	0	0	0	0	0	0	19	0	0	0	0	0	0	0	0	0	10	0	0	0	0	0	10	0	0	0	0	0	0	0	0	57	0	0	0	0	0	0	12	11	0	0	0	10	0	0	104	0	0	0	0	0	11	0	0	12	35	0	0	0	0	0	0	0	0	0	0	0	0	0	0	0	0	0
MI20	248288	224	0	0	0	0	0	0	31	0	606	0	13	10	0	0	0	0	0	0	0	78	0	0	26	0	0	0	0	0	0	0	0	0	102	0	0	0	0	0	0	0	0	27	0	0	0	0	10	0	0	0	0	18	0	0	0	0	0	0	0	0	0	0	0	0	0	0	0	0	1229	0	0	0	0	0	0	0	0	0	0	65	0	0	0	0	0	0	20	1269	0	0	78	0	3037	0	0	0	0	724	0	0	0	0	0	0	0	0	12	0	0	25	0	0	0	0	0	58	0	0	0	0	43	0	0	0	0	0	0	0	0	0	0	0	0	0	0	0	0	0	0	0	0	27	0	0	10	16	0	0	0	0	0	0	0	0	0	0	0	0	0	0	10	0	0	0	0	0	0	0	14	0	0	0	0	0	0	0	0	0	0	0	4154	603	0	10	11	0	10	0	0	0	46	0	0	0	0	0	0	0	44	0	14	0	0	0	0	0	0	0	0	0	0	0	0	88	0	0	0	0	0	0	20	0	0	0	0	0	0	0	0	0	0	30	0	0	30	0	0
MI24	29361	467	229	15	12	0	17	11	47	261	25	0	0	13	0	0	0	0	17	10	0	142	0	0	0	0	0	0	0	29	0	0	28	0	0	0	0	0	0	0	0	89	0	0	20	0	0	0	0	0	0	10	22	0	0	0	0	0	11	19	0	0	0	0	0	0	0	0	14	17	0	0	0	0	0	46	0	10	16	0	26	0	0	18	0	178	0	26	0	33	0	10	20	0	0	0	14	0	0	0	37	0	0	0	0	0	0	0	0	0	12	21	0	11	12	0	0	27	19	0	25	0	0	0	0	0	15	25	0	0	0	0	0	0	0	0	16	0	0	0	0	0	0	0	0	0	0	14	0	0	0	0	0	12	0	0	0	0	0	0	0	0	40	49	0	0	0	0	0	10	14	0	10	0	0	0	42	0	0	0	0	0	0	0	0	0	0	0	0	0	0	0	10	0	0	0	0	19	0	0	20	0	0	0	0	0	0	0	0	0	35	202	0	0	0	0	0	0	10	10	0	14	0	0	0	0	0	0	0	0	0	0	0	0	0	0	0	11	0
MI23	68109	0	0	0	31	0	0	22	0	0	0	0	0	0	0	0	0	98	11	0	0	0	0	90	44	0	0	0	0	0	0	0	0	0	89	0	0	0	0	0	0	0	0	0	0	0	0	0	0	0	0	27	0	0	13	0	0	0	0	0	0	0	0	15	0	0	0	0	0	23	0	0	0	0	0	0	76	0	0	0	0	0	0	14	60	0	0	0	48	0	51	16	0	0	0	0	0	0	12	0	30	0	0	0	0	0	0	0	27	0	0	0	0	0	0	0	15	0	0	0	27	13	0	14	84	0	66	0	0	0	0	0	0	0	0	0	0	0	50	0	0	0	0	0	0	0	0	0	0	0	0	0	0	0	0	0	0	0	0	0	0	0	42	0	0	0	0	0	0	0	16	0	0	0	0	0	0	0	0	0	0	0	0	0	0	31	0	0	55	121	0	0	0	0	0	0	0	0	0	0	0	0	0	0	0	0	0	21	0	0	0	0	54	0	0	0	0	0	0	0	0	0	13	0	0	0	0	0	64	0	0	0	0	45	0	0	40	0	0
MI26	281718	1029	0	26	33	0	1490	0	87	0	0	22	31	0	0	13	0	0	10	0	11	324	0	0	31	0	0	0	0	0	0	16	0	12	0	0	0	0	0	0	0	40	0	0	0	0	0	0	0	132	0	14	0	0	0	0	14	0	0	0	0	0	0	10	0	12	10	36	0	0	0	0	0	0	0	0	0	0	15	0	0	0	0	0	0	23	0	17	0	0	14	87	0	0	17	0	138	0	17	0	0	0	0	0	0	0	0	0	23	0	13	0	0	0	0	0	0	0	0	23	0	0	0	18	0	121	0	0	0	0	0	20	0	0	0	0	0	0	82	0	0	0	0	0	0	0	0	62	0	0	0	0	0	0	10	0	17	0	0	392	0	0	0	0	13	0	0	93	17	10	12	0	0	0	72	11	0	0	0	0	0	0	0	0	24	0	0	0	0	413	11	0	18	0	14	0	0	0	0	0	0	59	0	0	0	0	17	0	0	0	0	11	0	0	16	0	0	0	13	0	31	0	94	13	0	0	0	0	29	0	16	0	0	0	27	0	0	54	11
MI19	19	198	0	12	0	0	0	0	36	0	0	0	0	0	0	0	40	0	39	0	29	67	0	0	0	55	27	0	0	0	0	0	0	0	0	0	0	0	0	0	0	0	0	11	0	0	0	0	0	0	0	0	0	0	0	0	0	122	0	0	67	11	0	0	0	0	0	73	11	0	0	0	0	0	0	0	0	0	0	0	0	50	0	0	0	12	0	0	0	0	0	0	0	0	0	0	0	0	23	0	0	0	0	0	0	0	0	0	0	0	0	0	21	0	0	0	0	0	0	0	0	0	0	0	0	0	0	0	0	0	0	0	0	177	0	0	0	0	0	0	0	0	0	0	0	0	0	0	0	0	0	0	0	16	0	0	0	16	0	138	0	0	0	0	0	0	0	0	0	0	0	0	0	0	0	0	0	0	0	18	0	0	0	0	0	0	0	0	0	0	0	0	87	0	0	0	0	0	0	0	0	0	0	0	11	0	0	0	0	0	0	0	0	0	0	11	0	0	0	0	0	0	0	0	0	0	0	164	40	0	0	0	0	0	0	0	0	0	0
MI18	1167	211	0	0	39	0	0	0	423	0	0	0	31	0	23	12	0	0	1576	0	0	78	0	0	0	10	10	0	0	0	0	19	0	0	0	0	13	14	45	0	0	13	0	0	0	0	0	0	0	0	23	12	0	0	68	0	12	0	0	76	0	26	0	0	0	0	10	0	0	21	0	0	0	16	0	0	0	15	0	0	0	0	0	0	0	49	0	0	0	0	0	0	0	0	13	0	45	0	0	0	0	0	348	0	1121	0	13	0	0	0	0	0	0	27	22	0	0	1526	0	0	0	0	0	0	0	0	20	92	0	12	0	0	0	372	0	0	13	0	0	18	0	0	0	34	0	0	0	0	19	0	0	0	12	0	12	10	19	0	0	25	0	0	0	0	0	0	0	0	0	0	14	0	29	0	0	12	10	0	0	0	0	0	0	0	0	0	0	13	0	0	0	0	0	0	0	17	20	17	0	0	16	0	0	0	0	0	0	0	0	0	19	0	0	0	0	26	0	0	0	0	0	49	0	0	27	0	0	0	44	0	0	12	0	0	0	0	0	0	0
MI15	1736	0	0	0	0	0	0	0	0	0	0	0	0	0	0	0	0	0	0	0	0	0	0	0	0	0	0	0	0	0	0	0	0	0	0	0	0	0	0	0	0	0	0	0	0	17	0	0	0	0	0	0	0	515	0	0	24	0	0	0	971	0	0	0	0	0	0	0	0	0	0	328	0	0	0	0	0	0	0	0	0	0	0	0	0	0	0	0	0	0	0	0	45	0	0	0	17	0	0	0	0	0	0	0	0	0	0	0	0	0	0	0	0	0	0	0	0	0	0	0	0	0	0	0	0	0	0	0	0	0	0	0	0	0	0	0	0	0	0	50	0	0	0	0	0	0	0	0	0	0	0	0	0	0	0	0	0	0	0	38	0	0	0	0	0	0	1400	0	0	0	0	0	0	0	0	0	0	0	0	0	0	0	0	0	16	0	0	0	0	0	0	0	0	0	0	0	0	0	0	0	0	0	0	0	0	0	0	0	0	0	0	0	0	0	0	0	0	0	0	0	0	0	0	0	12	0	0	0	0	0	0	0	0	0	0	0	0	0	0
MI25	6286	186	0	0	15	0	29	0	203	0	55	0	0	0	0	0	0	0	3095	52	0	95	0	0	32	0	0	0	0	0	0	23	0	0	29	0	0	0	0	0	29	0	0	0	0	0	0	0	0	0	0	10	0	0	0	0	0	84	0	0	51	23	12	0	0	0	0	31	0	16	0	0	11	0	0	0	0	0	15	0	0	0	0	0	13	16	0	0	0	0	0	0	0	0	0	0	0	0	45	0	0	21	0	0	136	0	0	95	20	0	12	0	0	0	0	0	63	112	0	0	0	0	0	0	141	0	27	0	0	0	0	0	16	0	0	0	0	0	0	0	0	0	0	0	0	0	0	0	0	20	22	14	0	0	77	0	0	0	0	0	0	0	0	0	10	0	0	0	12	0	0	0	0	28	0	0	0	0	0	0	0	0	0	0	0	0	10	0	0	0	24	0	0	0	0	0	0	0	16	0	0	12	0	30	0	0	0	0	0	0	62	0	0	0	16	95	0	0	31	0	0	0	0	0	0	14	33	42	34	0	0	0	39	0	11	0	0	0	23
MI22	1366	246	0	24	41401	0	27	18	102	0	54	0	52	0	0	19	13	0	139956	0	0	109	0	0	0	0	123	0	0	0	0	10	19	0	27	0	0	28	0	0	48	21	0	166	16	0	0	0	0	0	52	0	14	0	0	0	23	0	0	0	0	0	0	17	13	0	0	0	0	18	0	0	0	0	0	0	0	0	0	0	0	12	0	0	0	0	0	0	0	17	0	0	0	0	27	0	0	0	0	0	20	0	0	48	0	0	0	0	49	0	12	0	0	0	0	0	0	0	30	0	0	0	0	22	0	23	0	0	0	0	0	0	33	3491	105	22	12	18	0	11	0	0	86	34	15	47	26	23	19	25	17	385	0	0	0	0	0	0	0	0	0	29	21	12	0	17	0	0	0	0	23	0	0	0	94	0	0	0	0	0	0	0	0	0	33	0	0	0	0	0	0	0	0	0	0	0	14	0	0	0	0	0	0	0	0	0	0	12	0	12	0	0	0	0	0	0	0	0	0	0	0	0	10	0	0	0	0	0	0	0	0	0	0	0	0	0	0	0	0
MI14	205	173	0	11	251	0	139	0	313	18	0	0	0	0	0	0	11	16	43384	0	0	47	46	10	0	0	19	0	0	0	0	0	10	0	32	28	70	131	0	0	0	0	0	0	0	125	0	0	13	23	12	53	0	13	0	0	11	0	15	0	19	33	26	0	0	0	11	53	146	0	0	0	0	0	0	24	0	0	17	12	0	0	21	10	0	21	0	16	19	11	0	0	0	0	0	0	0	14	17	0	59	0	0	0	0	0	47	0	0	0	43	0	0	0	0	0	0	22	23	0	0	0	11	0	0	0	20	0	13	0	0	0	0	24	0	0	0	0	44	0	0	0	0	16	0	0	0	0	0	23	0	14	0	22	33	0	0	35	0	0	0	15	0	0	0	0	29	0	25	0	31	0	0	0	0	0	0	0	22	18	0	0	0	0	0	0	0	10	0	0	40	0	25	63	27	43	0	0	13	0	31	10	0	0	0	0	0	0	0	39	0	24	0	121	43	0	0	0	0	0	0	52	17	0	0	0	29	0	17	0	0	17	0	0	0	0	0	0	0
MI16	4025	757	67	0	53	16	85	0	205	148	82	0	0	0	0	62	18	26	5022	0	0	198	0	0	21	0	0	0	38	82	21	0	0	0	0	0	12	0	0	0	0	26	0	14	27	0	0	0	0	10	0	14	0	0	0	0	27	114	0	0	0	0	0	20	0	0	0	0	11	19	0	0	28	0	0	0	0	0	0	0	0	11	0	18	28	31	0	27	0	0	13	0	0	0	0	0	0	14	18	0	0	0	0	17	0	0	0	0	22	0	28	0	0	39	43	0	0	0	0	0	0	0	0	48	0	0	0	0	0	0	0	0	0	0	0	0	0	0	0	0	0	0	15	0	0	0	0	0	0	0	0	0	0	0	0	0	0	0	0	15	0	0	0	0	0	0	0	0	0	0	0	80	0	0	10	0	0	0	14	0	0	0	0	0	12	0	0	0	0	0	0	0	0	44	0	0	0	0	0	0	0	0	51	0	0	0	0	0	27	13	0	0	13	133	27	13	0	0	0	0	0	0	0	0	0	0	0	0	0	0	0	0	0	0	0	0	0	11	0
MI2	179525	362	0	0	19	0	118	0	148	0	0	40	0	28	0	0	0	31	15	15	0	69	0	0	0	0	20	27	59	0	0	0	0	0	0	0	0	0	0	0	0	19	0	0	32	0	38	0	0	0	0	36	0	10	0	0	51	0	0	0	0	0	11	0	19	0	0	0	26	0	0	44	12	0	0	0	28	0	0	0	0	10	0	0	0	0	26	0	0	0	58	0	11	0	0	0	0	0	0	0	0	0	0	26	0	0	0	24	0	0	31	0	0	0	0	0	83	0	0	0	11	0	0	0	0	0	10	0	33	0	0	0	0	0	0	0	0	0	154	0	0	0	0	0	0	0	0	0	0	51	0	0	0	0	0	11	0	0	0	0	0	26	0	0	25	15	0	0	0	0	17	0	0	29	0	0	0	0	0	0	42	0	0	0	0	12	0	28	0	209	0	0	0	0	0	0	0	0	0	34	66	0	15	0	0	0	0	15	0	0	0	0	0	37	0	0	13	12	0	0	0	0	0	0	0	0	0	12	0	0	0	54	232	20	0	0	0	0	0
MI1	287	395	21	22	0	0	0	0	824	0	49	0	0	0	0	0	13	23	27	0	11	118	22	13	0	13	0	0	0	0	0	0	0	0	0	16	0	0	0	0	0	0	0	0	0	0	0	0	0	15	0	23	0	0	0	0	0	0	0	0	0	0	0	0	19	0	0	0	0	14	0	37	0	0	0	0	0	21	0	0	0	0	0	0	0	19	0	0	0	0	0	13	59	0	0	0	0	0	16	0	22	0	29	0	59	0	0	0	17	15	11	0	0	0	0	0	0	79	0	0	0	0	10	0	0	0	0	0	13	0	0	0	0	0	0	0	0	0	0	0	0	0	0	31	0	0	0	0	0	80	0	0	16	0	13	0	0	0	0	0	0	28	0	0	0	0	12	0	0	0	17	0	108	0	0	0	0	0	0	0	30	0	0	0	31	30	0	0	0	0	0	0	0	0	0	0	0	0	0	14	0	0	0	0	0	22	0	0	26	0	0	0	0	0	11	0	0	0	0	20	0	0	25	0	43	0	0	0	0	0	0	68	0	62	15	0	29	0	0
MI12	74691	45	890	18	25	0	12	247	74	0	222	0	893	0	0	0	0	23	897480	0	0	16	0	0	11	73	709	0	0	0	0	0	0	0	81	15	36	56	300	0	0	0	0	341	0	0	0	0	0	0	0	0	0	0	0	0	12	0	36	57	0	13	0	13	0	0	0	0	0	37	80	15	0	0	0	10	0	10	176	150	0	0	0	0	0	0	0	0	146	0	0	0	75	0	30	12	0	71	0	32	17	0	0	0	96	0	360	0	29	0	0	12	0	0	0	0	23	56	0	0	0	0	96	0	215	0	241	0	0	56	197	119	393	26216	86	252	333	330	215	358	53	6838	3203	387	10	457	213	153	0	170	10	2187	306	71	10	32	11	179	0	627	870	0	25	0	0	0	0	172	0	78	0	0	0	73	34	0	0	12	0	0	0	0	0	24	0	0	0	0	0	25	0	0	0	15	0	0	0	0	0	0	0	0	0	0	34	0	0	0	0	0	0	0	0	0	0	0	0	0	0	0	11	300	0	0	0	13	0	0	54	0	0	0	0	0	2620	0	0	0	0
MI4	6603	49	0	0	20	0	0	0	131	11	0	0	0	0	0	0	0	0	25	0	0	20	0	0	13	49	628	12	0	0	0	0	0	0	0	0	14	0	0	0	11	0	0	0	0	0	0	0	0	0	0	12	0	0	0	0	0	0	0	0	0	0	0	0	0	0	0	0	0	0	0	0	0	0	0	0	0	0	0	0	0	0	0	0	0	18	18	0	0	0	0	0	31	0	19	0	0	0	0	0	0	0	31	0	148	0	0	0	0	0	0	0	0	0	0	0	0	31	0	16	0	0	0	0	0	0	0	0	0	0	0	0	358	0	0	0	0	0	0	0	0	0	0	0	0	0	0	0	0	0	0	0	0	0	28	0	23	0	0	0	32	0	0	0	0	0	77	0	0	0	0	0	0	0	0	0	0	0	0	0	0	0	0	0	0	0	0	0	0	0	0	13	15	0	0	0	0	0	0	0	0	0	0	0	0	0	0	0	0	15	0	0	0	0	0	0	0	0	0	0	0	0	0	13	0	0	0	0	0	15	0	10	12	0	0	0	0	0	0
MI11	23297	402	0	0	62	15	29	0	136	34	20	13	0	0	12	0	0	12	3589	0	0	113	39	0	0	0	10	0	0	0	0	13	0	0	10	0	0	0	0	16	0	0	0	0	14	0	0	0	0	11	0	34	0	0	0	0	0	0	0	0	0	0	0	0	12	0	0	0	35	23	0	0	13	0	35	0	16	0	12	0	0	0	25	0	0	22	0	0	113	0	0	13	73	0	0	0	18	19	0	0	0	0	0	0	0	0	0	0	17	0	22	23	0	0	33	0	0	0	0	0	0	0	12	10	0	0	0	0	0	0	0	0	0	10	11	0	0	0	54	0	0	0	0	15	0	24	0	0	13	0	15	0	0	0	18	0	11	0	0	0	45	0	0	14	10	0	0	0	15	0	0	0	31	0	0	0	0	0	0	0	15	36	0	0	0	0	11	0	11	0	0	20	0	0	19	0	0	16	0	0	53	0	0	22	0	0	0	0	27	19	0	18	0	0	18	0	0	0	0	16	0	0	0	0	0	0	0	0	0	0	0	0	0	0	17	0	0	0	0
MI13	42925	391	111	0	18	0	0	28	234	55	19	0	0	0	66	0	0	0	159	0	0	16	0	0	0	0	0	0	0	0	0	0	0	0	30	0	0	12	0	0	0	0	0	0	0	0	0	0	0	0	70	0	0	0	0	0	0	0	0	0	0	0	0	0	0	0	0	0	0	0	0	0	0	0	0	0	0	17	0	0	0	394	0	0	0	0	0	0	162	0	0	0	0	0	0	0	0	0	0	0	47	0	255	0	1384	0	0	0	0	0	0	0	0	0	0	44	0	873	0	0	0	0	0	0	0	0	0	0	0	0	0	0	0	0	0	0	0	0	0	0	0	0	0	16	0	216	0	0	81	16	0	0	0	0	0	259	0	0	0	2011	0	0	0	0	44	0	0	0	0	0	0	0	0	0	0	0	0	0	0	0	0	0	0	0	0	0	0	0	0	121	0	0	0	0	0	0	0	0	0	0	0	0	0	0	0	0	0	0	0	0	0	0	0	0	0	0	0	0	0	0	12	0	0	0	0	0	0	0	0	17	0	0	0	0	0	0	0	0	0
MI3	176	231	10	0	73	19	24	0	832	35	34	0	0	0	0	0	0	36	19	0	10	61	0	0	11	0	0	20	0	24	0	0	0	14	0	0	0	0	0	0	0	0	0	0	15	0	0	0	0	0	10	12	13	0	0	0	0	0	50	0	0	0	0	0	0	0	0	0	0	33	0	0	12	0	0	0	0	0	0	14	0	0	11	0	0	17	0	31	0	0	0	0	0	0	0	16	0	61	0	0	0	0	0	0	0	0	0	11	0	0	14	0	0	0	0	0	0	27	14	16	0	0	0	0	0	10	0	0	105	0	0	0	0	176	0	0	0	0	0	0	0	0	0	34	18	10	13	0	0	30	0	0	0	0	0	0	0	0	0	0	0	0	0	0	0	0	0	0	17	0	0	0	0	0	0	0	0	0	0	0	0	0	0	0	12	0	16	0	0	0	0	18	0	0	0	0	0	0	62	0	64	0	0	0	0	0	0	0	0	0	0	0	0	0	0	25	0	0	0	0	25	0	138	0	0	0	0	0	32	0	0	0	0	0	0	16	0	0	0
MI8	18392	260	11	0	0	0	26	14	2910	10	77	38	0	10	0	0	0	17	482	13	0	81	61	38	0	25	85	0	0	0	10	10	0	0	0	0	0	0	0	18	0	10	0	185	0	0	14	0	36	14	0	0	26	0	0	12	0	0	0	0	0	0	12	0	0	0	0	16	39	25	0	0	0	27	0	0	0	0	0	0	0	0	0	0	0	25	13	0	12	19	0	16	17	13	0	33	0	0	18	0	0	0	0	0	0	0	0	0	0	0	0	0	60	11	0	0	377	0	0	0	0	0	0	0	265	0	0	13	0	0	0	18	11	0	0	0	0	0	16	0	0	0	0	12	0	18	0	0	0	0	0	0	0	0	12	0	14	0	0	0	0	63	17	19	0	0	29	0	15	0	45	0	0	34	0	0	0	0	0	0	0	0	0	0	0	0	16	0	0	0	0	0	0	0	0	0	0	31	0	0	26	0	0	0	0	0	13	0	0	0	0	0	0	0	0	0	0	0	0	0	0	0	0	13	0	0	0	0	131	0	15	12	0	0	0	0	0	0	10
MI5	7477	125	46	0	42	0	43	0	239	189	35	19	0	0	20	0	0	0	199	11	0	26	30	0	15	0	10	16	20	0	0	0	17	0	12	0	0	0	0	0	13	0	0	16	0	0	0	0	11	16	0	0	0	0	0	18	0	0	0	0	0	0	0	0	0	0	0	0	24	32	0	0	0	0	0	24	12	0	16	11	0	10	0	0	0	26	0	30	29	0	0	24	0	12	0	0	11	0	11	0	0	0	0	0	0	0	0	38	0	0	26	0	0	0	0	0	0	0	0	11	0	0	13	13	0	0	11	0	0	0	0	0	0	0	0	0	0	0	0	0	0	0	0	0	0	19	0	17	0	0	0	0	0	0	0	0	0	0	0	61	16	0	0	18	37	0	0	0	0	11	0	0	0	0	0	0	0	0	0	0	0	0	0	18	0	0	0	0	10	0	0	14	19	0	0	65	0	0	0	0	0	0	0	41	0	0	0	0	0	45	0	0	24	0	0	0	0	0	0	0	0	0	0	0	11	0	0	0	25	0	19	0	0	0	0	0	0	0	22
MI9	88	150	0	0	32	0	10	0	55	11	0	0	0	0	0	0	0	0	5895	0	0	42	0	0	15	0	0	16	0	0	0	0	0	0	44	0	0	16	0	0	0	0	0	0	0	0	0	0	0	0	0	11	0	0	0	0	0	0	0	18	17	0	0	0	349	0	0	0	25	0	0	0	0	0	0	0	0	0	0	0	0	26	0	0	0	0	0	0	0	0	0	0	0	0	0	0	0	0	0	0	44	0	194	0	1812	0	28	0	13	0	0	14	0	12	0	0	0	777	0	0	0	0	0	0	0	14	0	0	0	0	0	0	0	0	65	0	0	0	0	0	0	0	0	13	0	30	0	0	0	0	16	12	0	0	0	0	0	0	0	0	0	0	0	0	0	0	0	0	0	0	0	0	0	0	0	0	0	0	0	0	0	0	0	0	0	0	0	0	0	0	0	13	0	0	0	0	0	0	0	0	0	0	0	0	0	0	0	0	0	0	0	0	0	0	0	0	0	0	0	0	0	0	0	0	0	0	0	0	0	0	0	0	0	0	0	0	0	0	0
MI7	1791	0	0	0	261	0	0	0	364	0	0	15	0	14	0	0	0	0	2921	0	0	0	0	0	0	10	0	10	0	0	0	0	20	0	50	0	0	0	0	11	0	0	0	15	0	0	0	0	11	24	0	0	0	29	0	0	0	0	0	0	0	0	0	0	0	17	0	0	20	0	24	0	0	11	0	0	0	0	11	0	0	0	19	0	0	59	49	0	88	0	21	74	14	0	0	0	0	0	58	0	19	0	0	0	213	0	0	0	0	0	0	0	0	0	19	0	0	41	0	0	0	15	0	0	0	0	0	0	0	0	0	0	0	10	0	0	0	0	11	0	0	192	0	0	0	28	0	0	0	10	39	0	0	0	72	0	0	0	0	0	31	0	0	0	0	98	0	0	0	15	0	0	0	0	0	0	0	0	0	0	0	0	0	0	0	0	0	0	0	0	0	0	18	0	0	0	31	0	0	0	0	0	0	29	34	0	0	0	0	0	0	0	0	0	0	0	0	0	41	0	0	11	0	0	0	0	0	0	0	0	0	0	14	0	89	0	0	0	35
MI10	39	81	0	76	17	0	0	0	12	0	0	0	0	0	0	0	29	0	15	0	0	0	0	17	0	12	10	0	0	0	22	0	0	0	21	0	0	10	0	0	0	0	0	0	0	0	0	27	19	0	20	53	0	0	0	0	18	0	0	0	0	0	0	0	0	0	12	0	25	31	20	0	41	14	0	20	26	0	0	0	39	0	0	0	10	0	24	0	0	0	0	0	39	10	0	0	0	25	0	0	0	0	117	0	155	23	0	0	0	10	60	0	0	0	0	0	0	247	0	15	0	12	0	0	0	0	0	0	0	0	0	0	0	0	0	12	15	0	0	0	0	0	0	0	0	0	0	0	0	0	0	10	0	0	18	0	0	0	0	0	0	0	55	0	0	0	0	0	0	0	0	0	23	0	16	0	0	14	0	27	0	0	0	0	98	23	0	0	0	0	0	0	40	0	0	0	0	0	0	0	0	0	0	42	0	0	0	0	0	0	0	0	0	0	0	0	0	0	0	0	11	0	0	0	0	0	0	0	0	0	0	0	0	36	0	22	34	0	0
MI6	33	48	0	0	101	0	0	0	358	0	25	0	0	29	0	0	30	0	0	0	0	0	0	21	0	0	167	0	0	0	0	0	0	0	0	0	0	0	0	0	0	0	22	0	0	0	30	0	16	0	0	15	0	0	0	17	0	0	0	0	0	0	0	0	35	0	0	0	26	0	0	17	0	0	0	0	0	0	0	11	0	0	0	14	0	0	0	11	12	0	0	0	0	0	0	0	0	0	0	0	72	40	0	0	0	11	0	0	0	0	19	0	0	0	0	0	0	0	0	0	113	0	0	0	0	0	0	0	0	0	0	0	48	0	0	0	0	0	0	0	0	0	0	0	0	16	0	0	0	0	0	0	0	0	0	0	0	0	0	0	0	0	0	0	0	133	0	0	0	0	0	0	0	0	18	0	0	0	0	0	0	0	0	0	0	20	0	0	0	0	0	0	0	0	15	0	0	0	0	0	0	30	0	0	0	0	0	0	0	0	0	0	0	0	22	0	0	0	0	0	0	0	0	0	0	0	0	13	0	0	0	0	0	52	0	0	31	0	0
